upload date,Ingredient Name,FoodCategory,vendor name,contact name,phone number,yes training and certifications,yes training and certifications comments,no training and certifications,no training and certifications comments,verified by,verified date
4/23/2014,*****HFCS 55******,,Hartleys,Hartleys,,0,,1,,RGK,4/28/2014
4/23/2014,100/1 OZ PORTION CUP BOM,,Hartleys,Hartleys,,0,,1,,RGK,4/28/2014
4/23/2014,1GA ULTRA SEAL STERLITE PIT,,Hartleys,Hartleys,,0,,1,,RGK,4/28/2014
4/23/2014,1-LITER PET BOTTLE,,Hartleys,Hartleys,,0,,1,,RGK,4/28/2014
4/23/2014,2-1/2 GAL JUG,,Hartleys,Hartleys,,0,,1,,RGK,4/28/2014
4/23/2014,28MM BLACK CAPS 28/489 TE-I,,Hartleys,Hartleys,,0,,1,,RGK,4/28/2014
4/23/2014,3 GA BAG SCHOLLE BEV INNOVA,,Hartleys,Hartleys,,0,,1,,RGK,4/28/2014
4/23/2014,3 X 4 BLANK LIME GREEN  LAB,,Hartleys,Hartleys,,0,,1,,RGK,4/28/2014
4/23/2014,33/400 SYRUP CAP 12OZ,,Hartleys,Hartleys,,0,,1,,RGK,4/28/2014
4/23/2014,5160HH COLUMBIAN COFFEE,,Hartleys,Hartleys,,0,,1,,RGK,4/28/2014
4/23/2014,55 GAL POLY CLOSED TOP/DAMO,,Hartleys,Hartleys,,0,,1,,RGK,4/28/2014
4/23/2014,60% ORANGE S&D 4X3 LABEL,,Hartleys,Hartleys,,0,,1,,RGK,4/28/2014
4/23/2014,60% S&D ORANGE 1.75X4,,Hartleys,Hartleys,,0,,1,,RGK,4/28/2014
4/23/2014,ACAI BLACKBERRY KRM08011,,Hartleys,Hartleys,,0,,1,,RGK,4/28/2014
4/23/2014,ACAI/BLUEBERRY/POMEG 92.,,Hartleys,Hartleys,,0,,1,,RGK,4/28/2014
4/23/2014,ACESULFAME K,,Hartleys,Hartleys,,0,,1,,RGK,4/28/2014
4/23/2014,ACESULFAME K #F6346FK,,Hartleys,Hartleys,,0,,1,,RGK,4/28/2014
4/23/2014,ACETALDEHYDE 50 %,,Hartleys,Hartleys,,0,,1,,RGK,4/28/2014
4/23/2014,ADM VITAMIN E CLEAR 23%,,Hartleys,Hartleys,,0,,1,,RGK,4/28/2014
4/23/2014,ANSE FLAVOR 59-93-00200-WEBER,,Hartleys,Hartleys,,0,,1,,RGK,4/28/2014
4/23/2014,ANTHEM 1.75 X 4,,Hartleys,Hartleys,,0,,1,,RGK,4/28/2014
4/23/2014,ANTHEM 4 X 3,,Hartleys,Hartleys,,0,,1,,RGK,4/28/2014
4/23/2014,ANTI FOAM,,Hartleys,Hartleys,,0,,1,,RGK,4/28/2014
4/23/2014,ANTIOXIDANT BLEND 86.718,,Hartleys,Hartleys,,0,,1,,RGK,4/28/2014
4/23/2014,ANTIOXIDANT BLEND F-133608,,Hartleys,Hartleys,,0,,1,,RGK,4/28/2014
4/23/2014,APPLE ESSENCE 150 FOLD,,Hartleys,Hartleys,,0,,1,,RGK,4/28/2014
4/23/2014,APPLE FLAVOR-30-82-0145,,Hartleys,Hartleys,,0,,1,,RGK,4/28/2014
4/23/2014,APPLE JUICE 70 BRIX,,Hartleys,Hartleys,,0,,1,,RGK,4/28/2014
4/23/2014,APRICOT TYPE NATURAL 04-,,Hartleys,Hartleys,,0,,1,,RGK,4/28/2014
4/23/2014,ART CONDENSED MILK FLAV 650,,Hartleys,Hartleys,,0,,1,,RGK,4/28/2014
4/23/2014,ART PEACH FLAV ABELEI 180a8,,Hartleys,Hartleys,,0,,1,,RGK,4/28/2014
4/23/2014,ASCORBIC ACID,,Hartleys,Hartleys,,0,,1,,RGK,4/28/2014
4/23/2014,ASPARTAME/GRANULAR,,Hartleys,Hartleys,,0,,1,,RGK,4/28/2014
4/23/2014,BAG 1 GA ITW FITMENT,,Hartleys,Hartleys,,0,,1,,RGK,4/28/2014
4/23/2014,BAG 1.5 GA RBS1.5G-1,,Hartleys,Hartleys,,0,,1,,RGK,4/28/2014
4/23/2014,BAG 3 GA 20018 SCHLLE SCREW,,Hartleys,Hartleys,,0,,1,,RGK,4/28/2014
4/23/2014,BAG 3 GA PER'F RBP3G-10,,Hartleys,Hartleys,,0,,1,,RGK,4/28/2014
4/23/2014,BAG 3 GA(NYLON) BP3G-31GT,,Hartleys,Hartleys,,0,,1,,RGK,4/28/2014
4/23/2014,BAG 5 GA(METALIZED)CC BAG,,Hartleys,Hartleys,,0,,1,,RGK,4/28/2014
4/23/2014,BAG 5 GA(NYLON)RB5G-25G,,Hartleys,Hartleys,,0,,1,,RGK,4/28/2014
4/23/2014,BANANA ESSENCE-CHIQUITA,,Hartleys,Hartleys,,0,,1,,RGK,4/28/2014
4/23/2014,BANANA FLAV 30-77-0169,,Hartleys,Hartleys,,0,,1,,RGK,4/28/2014
4/23/2014,BANANA FLAV WEBER 22910155,,Hartleys,Hartleys,,0,,1,,RGK,4/28/2014
4/23/2014,BANANA FLAV-ARYLESSENCE,,Hartleys,Hartleys,,0,,1,,RGK,4/28/2014
4/23/2014,BANANA FLV 22090058 BEV INN,,Hartleys,Hartleys,,0,,1,,RGK,4/28/2014
4/23/2014,BANANA FLV 22860168 BEV INNOVA,,Hartleys,Hartleys,,0,,1,,RGK,4/28/2014
4/23/2014,BANANA PUREE,,Hartleys,Hartleys,,0,,1,,RGK,4/28/2014
4/23/2014,BANANA PUREE 22 BRIX BEV IN,,Hartleys,Hartleys,,0,,1,,RGK,4/28/2014
4/23/2014,"BBQ KING TASTE- 1/2, LABEL",,Hartleys,Hartleys,,0,,1,,RGK,4/28/2014
4/23/2014,BERRY RASPBERRY EMULSION BJ001,,Hartleys,Hartleys,,0,,1,,RGK,4/28/2014
4/23/2014,BETA-CAROTENE 1% BEV INNO,,Hartleys,Hartleys,,0,,1,,RGK,4/28/2014
4/23/2014,BJ 5X LEMON OIL - TREATT,,Hartleys,Hartleys,,0,,1,,RGK,4/28/2014
4/23/2014,BJ 7X ORANGE OIL - TREATT,,Hartleys,Hartleys,,0,,1,,RGK,4/28/2014
4/23/2014,BJ ART APPLE FLAV SF-6039.1,,Hartleys,Hartleys,,0,,1,,RGK,4/28/2014
4/23/2014,BJ ART BANANA FLAV 9310,,Hartleys,Hartleys,,0,,1,,RGK,4/28/2014
4/23/2014,BJ ART GRAPE FLAV SF-5798.1,,Hartleys,Hartleys,,0,,1,,RGK,4/28/2014
4/23/2014,BJ ART RASP FLV SF-5798.4,,Hartleys,Hartleys,,0,,1,,RGK,4/28/2014
4/23/2014,BJ ART STRWBRRY SF-5798.2,,Hartleys,Hartleys,,0,,1,,RGK,4/28/2014
4/23/2014,BJ ART WATERMELON SF-5920.1,,Hartleys,Hartleys,,0,,1,,RGK,4/28/2014
4/23/2014,BJ ARTIFICIAL CITRAL 2303A,,Hartleys,Hartleys,,0,,1,,RGK,4/28/2014
4/23/2014,BJ CARAMEL COLOR 200,,Hartleys,Hartleys,,0,,1,,RGK,4/28/2014
4/23/2014,BJ CLOUD-DOMINOL ME070J,,Hartleys,Hartleys,,0,,1,,RGK,4/28/2014
4/23/2014,BJ CP LEMON OIL,,Hartleys,Hartleys,,0,,1,,RGK,4/28/2014
4/23/2014,BJ CP PERSIAN LIME OIL,,Hartleys,Hartleys,,0,,1,,RGK,4/28/2014
4/23/2014,BJ CP TANGERINE OIL,,Hartleys,Hartleys,,0,,1,,RGK,4/28/2014
4/23/2014,BJ CP VALENCIA ORANGE OIL,,Hartleys,Hartleys,,0,,1,,RGK,4/28/2014
4/23/2014,BJ ETHYL MALTOL 2997A,,Hartleys,Hartleys,,0,,1,,RGK,4/28/2014
4/23/2014,BJ FOOD STARCH (EMULTRU),,Hartleys,Hartleys,,0,,1,,RGK,4/28/2014
4/23/2014,BJ IMM BITTER ALMOND OIL 21,,Hartleys,Hartleys,,0,,1,,RGK,4/28/2014
4/23/2014,BJ NAT BANANA FLAV 02709,,Hartleys,Hartleys,,0,,1,,RGK,4/28/2014
4/23/2014,BJ NAT RASP FLAV SF-5798.3,,Hartleys,Hartleys,,0,,1,,RGK,4/28/2014
4/23/2014,BJ ORANGE ENHANCER 1551,,Hartleys,Hartleys,,0,,1,,RGK,4/28/2014
4/23/2014,BJ ORANGE ENHANCER SF-5754.,,Hartleys,Hartleys,,0,,1,,RGK,4/28/2014
4/23/2014,BJ PECTIN YM-100-H,,Hartleys,Hartleys,,0,,1,,RGK,4/28/2014
4/23/2014,BJ PINEAPPLE FLV SF-5754.7,,Hartleys,Hartleys,,0,,1,,RGK,4/28/2014
4/23/2014,BJ POLYSORBATE 80,,Hartleys,Hartleys,,0,,1,,RGK,4/28/2014
4/23/2014,BJ SUNFLOWER OIL TRISUN,,Hartleys,Hartleys,,0,,1,,RGK,4/28/2014
4/23/2014,BJ TBHQ TERTIARY BUTYL HYDROQU,,Hartleys,Hartleys,,0,,1,,RGK,4/28/2014
4/23/2014,BJ WHEY PROTEIN CONC 48300,,Hartleys,Hartleys,,0,,1,,RGK,4/28/2014
4/23/2014,BJ WICKED SOUR LEMON EMULSION,,Hartleys,Hartleys,,0,,1,,RGK,4/28/2014
4/23/2014,BL. RASP/NUTTY BAVARAIN,,Hartleys,Hartleys,,0,,1,,RGK,4/28/2014
4/23/2014,BLACK CHERRY 26030043  BEV,,Hartleys,Hartleys,,0,,1,,RGK,4/28/2014
4/23/2014,BLACK CHERRY 26030043  BEV,,Hartleys,Hartleys,,0,,1,,RGK,4/28/2014
4/23/2014,BLACK CHERRY N&A 26-03-0043C,,Hartleys,Hartleys,,0,,1,,RGK,4/28/2014
4/23/2014,BLACK TEA SWEET S&D 801118,,Hartleys,Hartleys,,0,,1,,RGK,4/28/2014
4/23/2014,BLACKBERRY ACAI FLAV F-1314,,Hartleys,Hartleys,,0,,1,,RGK,4/28/2014
4/23/2014,BLDY MRY MIX PT1 FC 85.413,,Hartleys,Hartleys,,0,,1,,RGK,4/28/2014
4/23/2014,BLDY MRY PT2 FC 85.412,,Hartleys,Hartleys,,0,,1,,RGK,4/28/2014
4/23/2014,BLDY MRY PT3 FC 85.973,,Hartleys,Hartleys,,0,,1,,RGK,4/28/2014
4/23/2014,BLUE #1 FD&C BEV INNO,,Hartleys,Hartleys,,0,,1,,RGK,4/28/2014
4/23/2014,BLUE #1 FD&C GRANULAR,,Hartleys,Hartleys,,0,,1,,RGK,4/28/2014
4/23/2014,BLUE #1 SOLUTION 34%,,Hartleys,Hartleys,,0,,1,,RGK,4/28/2014
4/23/2014,BLUE CURACO 28-01-0652,,Hartleys,Hartleys,,0,,1,,RGK,4/28/2014
4/23/2014,BLUE RASP30080153C  BEV INN,,Hartleys,Hartleys,,0,,1,,RGK,4/28/2014
4/23/2014,BLUEBERRY FLAVOR 08.300,,Hartleys,Hartleys,,0,,1,,RGK,4/28/2014
4/23/2014,BLUE-FOOD COLOR-H&H,,Hartleys,Hartleys,,0,,1,,RGK,4/28/2014
4/23/2014,BOTL-SQT QT 32 OZ NEPCO FIN,,Hartleys,Hartleys,,0,,1,,RGK,4/28/2014
4/23/2014,BOTTLE 1/2 GAL GRIPPER 75,,Hartleys,Hartleys,,0,,1,,RGK,4/28/2014
4/23/2014,BOTTLE 16 OZ SAMPLE SCREW T,,Hartleys,Hartleys,,0,,1,,RGK,4/28/2014
4/23/2014,BOTTLE-16 OZ VICTORY,,Hartleys,Hartleys,,0,,1,,RGK,4/28/2014
4/23/2014,BOTTLE-32 OZ CONDIMENT DROP,,Hartleys,Hartleys,,0,,1,,RGK,4/28/2014
4/23/2014,BOTTLE-4 OZ PLASTIC,,Hartleys,Hartleys,,0,,1,,RGK,4/28/2014
4/23/2014,BOTTLE-GAL SQUARE-NEPCO,,BEVERAGE INNOVATIONS,BEVERAGE INNOVATIONS,0,0,,1,,RGK,4/28/2014
4/23/2014,BOURDEAUX - EXBERRY #181524,,BUG JUICE,BUG JUICE,0,0,,1,,RGK,4/28/2014
4/23/2014,BOX - 3 GA S & D,,BUG JUICE,BUG JUICE,0,0,,1,,RGK,4/28/2014
4/23/2014,BOX - 3 GA SRC BEV INNOVATI,,BUG JUICE,BUG JUICE,0,0,,1,,RGK,4/28/2014
4/23/2014,BOX- 6/1 LITER,,BUG JUICE,BUG JUICE,0,0,,1,,RGK,4/28/2014
4/23/2014,BOX- SHIPPER SAMPLES- LAB,,BUG JUICE,BUG JUICE,0,0,,1,,RGK,4/28/2014
4/23/2014,BOX XPRESS CAFFE UNSWT TEA LABE,,BUG JUICE,BUG JUICE,0,0,,1,,RGK,4/28/2014
4/23/2014,BOX-3 GAL BNB (FLAT),,BUG JUICE,BUG JUICE,0,0,,1,,RGK,4/28/2014
4/23/2014,BOX-4/1 GALLON W/HAND CUT,,BUG JUICE,BUG JUICE,0,0,,1,,RGK,4/28/2014
4/23/2014,BOX-5 GALLON BNB,,BUG JUICE,BUG JUICE,0,0,,1,,RGK,4/28/2014
4/23/2014,BOX-6 1/2 GA OVER PACK,,BUG JUICE,BUG JUICE,0,0,,1,,RGK,4/28/2014
4/23/2014,BOX-6 1/2 GALLON,,BUG JUICE,BUG JUICE,0,0,,1,,RGK,4/28/2014
4/23/2014,BOX-PORTION P&W SYRUP,,BUG JUICE,BUG JUICE,0,0,,1,,RGK,4/28/2014
4/23/2014,BOX-SQUAT QUART 6/32 OZ,,BUG JUICE,BUG JUICE,0,0,,1,,RGK,4/28/2014
4/23/2014,BRIGHT RED-FOOD COLOR-H&H,,BUG JUICE,BUG JUICE,0,0,,1,,RGK,4/28/2014
4/23/2014,BTR PECAN FLAV WEBER 288546,,BUG JUICE,BUG JUICE,0,0,,1,,RGK,4/28/2014
4/23/2014,BUBBLE GUM EMULSION BUG JUICE,,BUG JUICE,BUG JUICE,0,0,,1,,RGK,4/28/2014
4/23/2014,BUBBLEGUM FL SF-8237.1,,CUSTOMER SUPPLIED,CUSTOMER SUPPLIED,0,0,,1,,RGK,4/28/2014
4/23/2014,BUBBLEGUM WEB 30-01-0507,,CUSTOMER SUPPLIED,CUSTOMER SUPPLIED,0,0,,1,,RGK,4/28/2014
4/23/2014,BUTTER FLAVOR PC 10.025,,CUSTOMER SUPPLIED,CUSTOMER SUPPLIED,0,0,,1,,RGK,4/28/2014
4/23/2014,CAFFEINE,,CUSTOMER SUPPLIED,CUSTOMER SUPPLIED,0,0,,1,,RGK,4/28/2014
4/23/2014,CAP 38MM (ELAND),,Hartleys,Hartleys,,0,,1,,RGK,4/28/2014
4/23/2014,CAP WHITE PP FOIL #3 38/400,,ABELEI FLAVORS,christina Durrant,630-859-1410,0,,1,,RGK,4/28/2014
4/23/2014,CAP-2-1/2 GAL JUG,,ABELEI FLAVORS,christina Durrant,630-859-1410,0,,1,,RGK,4/28/2014
4/23/2014,CAP-GOLD 38MM TE FOIL,,ABELEI FLAVORS,christina Durrant,630-859-1410,0,,1,,RGK,4/28/2014
4/23/2014,CARAMEL APPLE 26-95-0072,,ABELEI FLAVORS,christina Durrant,630-859-1410,0,,1,,RGK,4/28/2014
4/23/2014,CARAMEL COLOR 2X,,ABELEI FLAVORS,christina Durrant,630-859-1410,0,,1,,RGK,4/28/2014
4/23/2014,CELERY SALT,,ABELEI FLAVORS,christina Durrant,630-859-1410,0,,1,,RGK,4/28/2014
4/23/2014,CHER-I-PEP # 127a178,,ABELEI FLAVORS,christina Durrant,630-859-1410,0,,1,,RGK,4/28/2014
4/23/2014,CHERRY FLAV FC#15.978,,ABELEI FLAVORS,christina Durrant,630-859-1410,0,,1,,RGK,4/28/2014
4/23/2014,CHERRY FLAVOR - WEBER 152-73-A,,ABELEI FLAVORS,christina Durrant,630-859-1410,0,,1,,RGK,4/28/2014
4/23/2014,CHERRY/NUTTY BAVARIAN,,ABELEI FLAVORS,christina Durrant,630-859-1410,0,,1,,RGK,4/28/2014
4/23/2014,CINNAMON 50# BAG,,ADMIRATION FOODS,LORRAINE HERNANDEZ,1678-447-8147,0,,1,,RGK,4/28/2014
4/23/2014,CITRIC ACID,,"ALL AMERICAN CONTAINERS, INC.","ALL AMERICAN CONTAINERS, INC.",,0,,1,,RGK,4/28/2014
4/23/2014,CITRUS COLA V.DARE #RR11,,ALL STAR ASSOCIATION,Lindsay Warren - Tate & Lyle,866-659-0730,0,,1,,RGK,4/28/2014
4/23/2014,CLARIFIED LIME JUICE 450 GP,,ALLIED PURCHASING,Kim Bamrick,800-247-5956,0,,1,,RGK,4/28/2014
4/23/2014,CLEAR LABEL 2.5 GA MIXING J,,ALLIED PURCHASING,Kim Bamrick,800-247-5956,0,,1,,RGK,4/28/2014
4/23/2014,CLOUD-CITRUS #5029,,ALLIED PURCHASING,Kim Bamrick,800-247-5956,0,,1,,RGK,4/28/2014
4/23/2014,CLOUD-DOMINOL ME070J,,ALLIED PURCHASING,Kim Bamrick,800-247-5956,0,,1,,RGK,4/28/2014
4/23/2014,"CMC, CELLULOSE GUM 2500S",,AMERICAN INTERNATIONAL FOODS,AMERICAN INTERNATIONAL FOODS,,0,,1,,RGK,4/28/2014
4/23/2014,COCONUT FLAVOR FC20.908,,AMERICAN INTERNATIONAL FOODS,AMERICAN INTERNATIONAL FOODS,,0,,1,,RGK,4/28/2014
4/23/2014,COFFEE 29177 V.DARE,,AMERICAN INTERNATIONAL FOODS,AMERICAN INTERNATIONAL FOODS,,0,,1,,RGK,4/28/2014
4/23/2014,COLA FLAVOR BOGGINI 1-70,,AMERICAN INTERNATIONAL FOODS,AMERICAN INTERNATIONAL FOODS,,0,,1,,RGK,4/28/2014
4/23/2014,COLUMBIAN COFFEE CONCENTRATE,,AMERICAN INTERNATIONAL FOODS,AMERICAN INTERNATIONAL FOODS,,0,,1,,RGK,4/28/2014
4/23/2014,CONCORD ESSENCE 150 FOLD,,"ARYLESSENCE, INC.","ARYLESSENCE, INC.",800-553-2440,0,,1,,RGK,4/28/2014
4/23/2014,CORN SYRUP 42 DE/43 BAUME,,"ARYLESSENCE, INC.","ARYLESSENCE, INC.",800-553-2440,0,,1,,RGK,4/28/2014
4/23/2014,COSCO PAQUE # 12502SH,,ATLANTIC PLASTICS OF FLORIDA,ATLANTIC PLASTICS OF FLORIDA,,0,,1,,RGK,4/28/2014
4/23/2014,CP LEMON OIL-1 FOLD SH,,BELL CHEM CORPORATION,FIONA,407-339-2355,0,,1,,RGK,4/28/2014
4/23/2014,CP MANDARIN OIL-1 FOLD SH,,BELL CHEM CORPORATION,FIONA,407-339-2355,0,,1,,RGK,4/28/2014
4/23/2014,CRANBERRY FL WEB26-94-0068,,BELL CHEM CORPORATION,FIONA,407-339-2355,0,,1,,RGK,4/28/2014
4/23/2014,CRANBERRY JUICE 50 BRIX,,BELL CHEM CORPORATION,FIONA,407-339-2355,0,,1,,RGK,4/28/2014
4/23/2014,CRANBERRY WONF 65 brix#2215,,BELL CHEM CORPORATION,FIONA,407-339-2355,0,,1,,RGK,4/28/2014
4/23/2014,CREAM FLAVOR-ARYLESSENCE,,BELL CHEM CORPORATION,FIONA,407-339-2355,0,,1,,RGK,4/28/2014
4/23/2014,CREAM OF COCONUT-66 BRIX,,BELL CHEM CORPORATION,FIONA,407-339-2355,0,,1,,RGK,4/28/2014
4/23/2014,CRYSTALLINE FRUCTOSE,,BELL CHEM CORPORATION,FIONA,407-339-2355,0,,1,,RGK,4/28/2014
4/23/2014,CUPS-PORTION 1 OZ,,BELL CHEM CORPORATION,FIONA,407-339-2355,0,,1,,RGK,4/28/2014
4/23/2014,DAD'S ROOTBEER CONC,,BELL CHEM CORPORATION,FIONA,407-339-2355,0,,1,,RGK,4/28/2014
4/23/2014,DARK CHERRY-SWEET 68 BRIX,,BELL CHEM CORPORATION,FIONA,407-339-2355,0,,1,,RGK,4/28/2014
4/23/2014,DIAMINETETRAACETIC  EDTA,,BELL CHEM CORPORATION,FIONA,407-339-2355,0,,1,,RGK,4/28/2014
4/23/2014,DIET RITE BNB LABEL,,BELL CHEM CORPORATION,FIONA,407-339-2355,0,,1,,RGK,4/28/2014
4/23/2014,DIET RITE PT1 #F6251F,,BELL CHEM CORPORATION,FIONA,407-339-2355,0,,1,,RGK,4/28/2014
4/23/2014,DIET RITE PT2 #F6252F,,BELL CHEM CORPORATION,FIONA,407-339-2355,0,,1,,RGK,4/28/2014
4/23/2014,DISP 3 PK INNER,,BELL CHEM CORPORATION,FIONA,407-339-2355,0,,1,,RGK,4/28/2014
4/23/2014,DISP 3 PK MASTER,,BELL CHEM CORPORATION,FIONA,407-339-2355,0,,1,,RGK,4/28/2014
4/23/2014,DISPENSER BOTTLE,,BELL CHEM CORPORATION,FIONA,407-339-2355,0,,1,,RGK,4/28/2014
4/23/2014,DISPENSER BOX,,BELL CHEM CORPORATION,FIONA,407-339-2355,0,,1,,RGK,4/28/2014
4/23/2014,DISPENSER CAP,,BELL CHEM CORPORATION,FIONA,407-339-2355,0,,1,,RGK,4/28/2014
4/23/2014,DRAGON FRUIT COLOR WS HANSENS,,BELL CHEM CORPORATION,FIONA,407-339-2355,0,,1,,RGK,4/28/2014
4/23/2014,DRAGON FRUIT FL SF.8290.1,,BELL CHEM CORPORATION,FIONA,407-339-2355,0,,1,,RGK,4/28/2014
4/23/2014,DRUM LINERS,,BELL CHEM CORPORATION,FIONA,407-339-2355,0,,1,,RGK,4/28/2014
4/23/2014,DRUM RECON METAL,,BELL CHEM CORPORATION,FIONA,407-339-2355,0,,1,,RGK,4/28/2014
4/23/2014,DURAGEL,,BELL CHEM CORPORATION,FIONA,407-339-2355,0,,1,,RGK,4/28/2014
4/23/2014,EGG NOG 28-94-0096,,BELL CHEM CORPORATION,FIONA,407-339-2355,0,,1,,RGK,4/28/2014
4/23/2014,EHTYL-VANILLIN,,BELL CHEM CORPORATION,FIONA,407-339-2355,0,,1,,RGK,4/28/2014
4/23/2014,ENERGY FLAVOR #76.127,,BELL CHEM CORPORATION,FIONA,407-339-2355,0,,1,,RGK,4/28/2014
4/23/2014,ENERGY VITAMIN BLEND # 76.1,,BELL CHEM CORPORATION,FIONA,407-339-2355,0,,1,,RGK,4/28/2014
4/23/2014,ENERGYBURST 3X4 LABEL 217,,BELL CHEM CORPORATION,FIONA,407-339-2355,0,,1,,RGK,4/28/2014
4/23/2014,ENRICHED ORANGE AROMA,,BELL CHEM CORPORATION,FIONA,407-339-2355,0,,1,,RGK,4/28/2014
4/23/2014,ETHYL BUTYRATE SH,,BELL CHEM CORPORATION,FIONA,407-339-2355,0,,1,,RGK,4/28/2014
4/23/2014,ETHYL MALTOL SH,,BELL CHEM CORPORATION,FIONA,407-339-2355,0,,1,,RGK,4/28/2014
4/23/2014,"EXBERRY ""GRAPE BLUE STABLE""",,BERLIN PACKAGING LLC,DAWN SMITH,727-289-1922,0,,1,,RGK,4/28/2014
4/23/2014,"EXBERRY ""MANGO YELLOW""",,BEVERAGE INNOVATIONS,BEVERAGE INNOVATIONS,0,0,,1,,RGK,4/28/2014
4/23/2014,"EXBERRY ""STRAWBERRY""",,BEVERAGE INNOVATIONS,BEVERAGE INNOVATIONS,0,0,,1,,RGK,4/28/2014
4/23/2014,EXBERRY CELESTIAL YEL 47450,,BEVERAGE INNOVATIONS,BEVERAGE INNOVATIONS,0,0,,1,,RGK,4/28/2014
4/23/2014,EXBERRY MANDARIN  BEV INNOVA,,BEVERAGE INNOVATIONS,BEVERAGE INNOVATIONS,0,0,,1,,RGK,4/28/2014
4/23/2014,EXBERRY MANDARIN 429340,,BEVERAGE INNOVATIONS,BEVERAGE INNOVATIONS,0,0,,1,,RGK,4/28/2014
4/23/2014,EXBERRY SHADE CHERRY RED,,BEVERAGE INNOVATIONS,BEVERAGE INNOVATIONS,0,0,,1,,RGK,4/28/2014
4/23/2014,EXBERRY SHADE RED 153330,,BEVERAGE INNOVATIONS,BEVERAGE INNOVATIONS,0,0,,1,,RGK,4/28/2014
4/23/2014,EXBERRY SHADE RED BEV INNOV,,BEVERAGE INNOVATIONS,BEVERAGE INNOVATIONS,0,0,,1,,RGK,4/28/2014
4/23/2014,EXBRY SHDE RED VITAH20 1533,,BEVERAGE INNOVATIONS,BEVERAGE INNOVATIONS,0,0,,1,,RGK,4/28/2014
4/23/2014,FC SALT BLEND 57.139,,BEVERAGE INNOVATIONS,BEVERAGE INNOVATIONS,0,0,,1,,RGK,4/28/2014
4/23/2014,FC VITAPACK B-VITAMIN,,BEVERAGE INNOVATIONS,BEVERAGE INNOVATIONS,0,0,,1,,RGK,4/28/2014
4/23/2014,FERROUS SULFATE,,BEVERAGE INNOVATIONS,BEVERAGE INNOVATIONS,0,0,,1,,RGK,4/28/2014
4/23/2014,FESTIVAL BLANK 4.5X4 LABEL SS,,BEVERAGE INNOVATIONS,BEVERAGE INNOVATIONS,0,0,,1,,RGK,4/28/2014
4/23/2014,FLAVORFUL CAPPUCCINO LABEL,,BEVERAGE INNOVATIONS,BEVERAGE INNOVATIONS,0,0,,1,,RGK,4/28/2014
4/23/2014,FLAVORFUL MANGO LABEL,,BEVERAGE INNOVATIONS,BEVERAGE INNOVATIONS,0,0,,1,,RGK,4/28/2014
4/23/2014,FLAVORFUL MARGARITA LEMON LABE,,BEVERAGE INNOVATIONS,BEVERAGE INNOVATIONS,0,0,,1,,RGK,4/28/2014
4/23/2014,FLAVORFUL RASPBERRY BACK,,BEVERAGE INNOVATIONS,BEVERAGE INNOVATIONS,0,0,,1,,RGK,4/28/2014
4/23/2014,FLAVORFUL RASPBERRY LABEL,,BEVERAGE INNOVATIONS,BEVERAGE INNOVATIONS,0,0,,1,,RGK,4/28/2014
4/23/2014,FLAVORFUL RUM RUNNER LABEL,,BEVERAGE INNOVATIONS,BEVERAGE INNOVATIONS,0,0,,1,,RGK,4/28/2014
4/23/2014,FLRBRST SWEET TEA 5+1 LABE 329,,BUG JUICE,BUG JUICE,0,0,,1,,RGK,4/28/2014
4/23/2014,FLVRBRST UNSWT TEA 5+1 LABEL,,BUG JUICE,BUG JUICE,0,0,,1,,RGK,4/28/2014
4/23/2014,FOOD STARCH SOLUTION BUG JUICE,,BUG JUICE,BUG JUICE,0,0,,1,,RGK,4/28/2014
4/23/2014,FRUIT PUNCH - WEBER 28-11-0159,,BUG JUICE,BUG JUICE,0,0,,1,,RGK,4/28/2014
4/23/2014,FRUITY PUNCH EMULSION BJ003,,BUG JUICE,BUG JUICE,0,0,,1,,RGK,4/28/2014
4/23/2014,FUSCIA RED- EXBERRY,,BUG JUICE,BUG JUICE,0,0,,1,,RGK,4/28/2014
4/23/2014,GARLIC POWDER,,BUG JUICE,BUG JUICE,0,0,,1,,RGK,4/28/2014
4/23/2014,GINGER ALE FLAV ABELEI 145A,,BUG JUICE,BUG JUICE,0,0,,1,,RGK,4/28/2014
4/23/2014,GINGER ALE V.DARE#GK08,,BUG JUICE,BUG JUICE,0,0,,1,,RGK,4/28/2014
4/23/2014,GKUCURONOLACTONE,,BUG JUICE,BUG JUICE,0,0,,1,,RGK,4/28/2014
4/23/2014,GRAPE FLV-WEBER30-92-0053,,BUG JUICE,BUG JUICE,0,0,,1,,RGK,4/28/2014
4/23/2014,GRAPE JUICE-CONCORD 68BRX,,BUG JUICE,BUG JUICE,0,0,,1,,RGK,4/28/2014
4/23/2014,GRAPE JUICE-WHITE 68 BRIX,,BUG JUICE,BUG JUICE,0,0,,1,,RGK,4/28/2014
4/23/2014,GRAPEFRUIT FLAV (MX-1664),,BUG JUICE,BUG JUICE,0,0,,1,,RGK,4/28/2014
4/23/2014,GRAPEFRUIT JUICE 61 BRIX,,BUG JUICE,BUG JUICE,0,0,,1,,RGK,4/28/2014
4/23/2014,GREEN TEA 200X TREATT,,BUG JUICE,BUG JUICE,0,0,,1,,RGK,4/28/2014
4/23/2014,GREEN-FOOD COLOR-H&H,,BUG JUICE,BUG JUICE,0,0,,1,,RGK,4/28/2014
4/23/2014,GRENADINE 30-96-0097,,BUG JUICE,BUG JUICE,0,0,,1,,RGK,4/28/2014
4/23/2014,GROUND CLOVES,,CARIBBEAN COCKTAIL COMPANY{0},CARIBBEAN COCKTAIL COMPANY{0},,0,,1,,RGK,4/28/2014
4/23/2014,GUAR GUM,,CHAS BOGGINI COMPANY,Marie Oliphant,860-742-2652,0,,1,,RGK,4/28/2014
4/23/2014,GUAVA FLAV WEBER 30-86-0065,,CHEMPOINT.COM,Michelle Wroble,800-485-9569,0,,1,,RGK,4/28/2014
4/23/2014,GUAVA PUREE-PINK 11 BRIX,,"CHIQUITA BRANDS, INC",SEE NOTE,800-438-0015,0,,1,,RGK,4/28/2014
4/23/2014,GUM ARABIC-TIC,,"CKS PACKAGING, INC.",Thomas R. Heller,407-423-0333,0,,1,,RGK,4/28/2014
4/23/2014,GUM BLEND,,"CKS PACKAGING, INC.",Thomas R. Heller,407-423-0333,0,,1,,RGK,4/28/2014
4/23/2014,H&H CHERRY CONC,,CLONDALKIN GROUP,GREG WRIGHT,407-697-3587,0,,1,,RGK,4/28/2014
4/23/2014,H&H GRAPE CONC,,CLONDALKIN GROUP,GREG WRIGHT,407-697-3587,0,,1,,RGK,4/28/2014
4/23/2014,H&H LEMON CONC #2,,CLONDALKIN GROUP,GREG WRIGHT,407-697-3587,0,,1,,RGK,4/28/2014
4/23/2014,H&H LEMON LIME CONC,,CLONDALKIN GROUP,GREG WRIGHT,407-697-3587,0,,1,,RGK,4/28/2014
4/23/2014,H&H LIME CONC #2 EMUL (WHITE),,CLONDALKIN GROUP,GREG WRIGHT,407-697-3587,0,,1,,RGK,4/28/2014
4/23/2014,H&H LIME CONC (WHITE),,CLONDALKIN GROUP,GREG WRIGHT,407-697-3587,0,,1,,RGK,4/28/2014
4/23/2014,H&H PINEAPPLE CONC,,CLONDALKIN GROUP,GREG WRIGHT,407-697-3587,0,,1,,RGK,4/28/2014
4/23/2014,H&H PINEAPPLE CONC WHITE,,CLONDALKIN GROUP,GREG WRIGHT,407-697-3587,0,,1,,RGK,4/28/2014
4/23/2014,H&H PUNCH CONC,,CLONDALKIN GROUP,GREG WRIGHT,407-697-3587,0,,1,,RGK,4/28/2014
4/23/2014,H&H STRAWBERRY CONC,,CLONDALKIN GROUP,GREG WRIGHT,407-697-3587,0,,1,,RGK,4/28/2014
4/23/2014,H&H VANILLA CONC,,CLONDALKIN GROUP,GREG WRIGHT,407-697-3587,0,,1,,RGK,4/28/2014
4/23/2014,H&H VANILLA CONC (CLEAR),,CLONDALKIN GROUP,GREG WRIGHT,407-697-3587,0,,1,,RGK,4/28/2014
4/23/2014,HFCS 42,,CLONDALKIN GROUP,GREG WRIGHT,407-697-3587,0,,1,,RGK,4/28/2014
4/23/2014,HRTLY BLANK 3X4 LABEL 202,,CLONDALKIN GROUP,GREG WRIGHT,407-697-3587,0,,1,,RGK,4/28/2014
4/23/2014,IMITATION VANILLA 4/1 GALLON,,CLONDALKIN GROUP,GREG WRIGHT,407-697-3587,0,,1,,RGK,4/28/2014
4/23/2014,INSTANT WHITE TEA H0005,,CLONDALKIN GROUP,GREG WRIGHT,407-697-3587,0,,1,,RGK,4/28/2014
4/23/2014,INVERT,,CLONDALKIN GROUP,GREG WRIGHT,407-697-3587,0,,1,,RGK,4/28/2014
4/23/2014,JCBRST JUMP JCE DISP LABEL,,CLONDALKIN GROUP,GREG WRIGHT,407-697-3587,0,,1,,RGK,4/28/2014
4/23/2014,JERZEE VEND C2 171308,,CLONDALKIN GROUP,GREG WRIGHT,407-697-3587,0,,1,,RGK,4/28/2014
4/23/2014,JUICEBURST- RASP DAIQUIRI,,CLONDALKIN GROUP,GREG WRIGHT,407-697-3587,0,,1,,RGK,4/28/2014
4/23/2014,JUICEBURST- RASPBERRY BACK,,CLONDALKIN GROUP,GREG WRIGHT,407-697-3587,0,,1,,RGK,4/28/2014
4/23/2014,KIWI FLAV #3542L19857,,CUSTOMER SUPPLIED,CUSTOMER SUPPLIED,0,0,,1,,RGK,4/28/2014
4/23/2014,KIWI LIME FLAV 2609004 BEV,,CUSTOMER SUPPLIED,CUSTOMER SUPPLIED,0,0,,1,,RGK,4/28/2014
4/23/2014,KIWI LIME FLAV 2609004 BEV,,CUSTOMER SUPPLIED,CUSTOMER SUPPLIED,0,0,,1,,RGK,4/28/2014
4/23/2014,KIWI V.DARE#272 NO COLR,,CUSTOMER SUPPLIED,CUSTOMER SUPPLIED,0,0,,1,,RGK,4/28/2014
4/23/2014,KOMMODORE FLAVOR,,CUSTOMER SUPPLIED,CUSTOMER SUPPLIED,0,0,,1,,RGK,4/28/2014
4/23/2014,LABEL ANTHEM BLNK 1.75X4,,CUSTOMER SUPPLIED,CUSTOMER SUPPLIED,0,0,,1,,RGK,4/28/2014
4/23/2014,LABEL BFS P&W SYRUP 3X4,,CUSTOMER SUPPLIED,CUSTOMER SUPPLIED,0,0,,1,,RGK,4/28/2014
4/23/2014,LABEL BLANK BEIGE 3 X 4,,CUSTOMER SUPPLIED,CUSTOMER SUPPLIED,0,0,,1,,RGK,4/28/2014
4/23/2014,LABEL BLANK LABELYTE 2.5 X,,CUSTOMER SUPPLIED,CUSTOMER SUPPLIED,0,0,,1,,RGK,4/28/2014
4/23/2014,LABEL BLANK WHITE 1.5X5,,CUSTOMER SUPPLIED,CUSTOMER SUPPLIED,0,0,,1,,RGK,4/28/2014
4/23/2014,LABEL BLANK WHITE 2 X 3,,CUSTOMER SUPPLIED,CUSTOMER SUPPLIED,0,0,,1,,RGK,4/28/2014
4/23/2014,LABEL BLANK WHITE 3 X 4,,CUSTOMER SUPPLIED,CUSTOMER SUPPLIED,0,0,,1,,RGK,4/28/2014
4/23/2014,LABEL BLANK WHITE BOX 3X7,,CUSTOMER SUPPLIED,CUSTOMER SUPPLIED,0,0,,1,,RGK,4/28/2014
4/23/2014,LABEL BLANK WHITE HORZ 4 X,,CUSTOMER SUPPLIED,CUSTOMER SUPPLIED,0,0,,1,,RGK,4/28/2014
4/23/2014,LABEL BLANK YELLOW 3 X 4,,CUSTOMER SUPPLIED,CUSTOMER SUPPLIED,0,0,,1,,RGK,4/28/2014
4/23/2014,LABEL BLANK YELLOW 3X6,,CUSTOMER SUPPLIED,CUSTOMER SUPPLIED,0,0,,1,,RGK,4/28/2014
4/23/2014,LABEL BLANK YELLOW 4x3,,CUSTOMER SUPPLIED,CUSTOMER SUPPLIED,0,0,,1,,RGK,4/28/2014
4/23/2014,LABEL BLUE FOOD COLOR 3 X 4,,CUSTOMER SUPPLIED,CUSTOMER SUPPLIED,0,0,,1,,RGK,4/28/2014
4/23/2014,LABEL- BLUE RASP MR. MARG,,CUSTOMER SUPPLIED,CUSTOMER SUPPLIED,0,0,,1,,RGK,4/28/2014
4/23/2014,LABEL CARIBBEAN COCKTAIL 2.,,CUSTOMER SUPPLIED,CUSTOMER SUPPLIED,0,0,,1,,RGK,4/28/2014
4/23/2014,LABEL FLAVORFUL BLANK 3X4,,CUSTOMER SUPPLIED,CUSTOMER SUPPLIED,0,0,,1,,RGK,4/28/2014
4/23/2014,LABEL FLVRFL IL MANGO BACK,,CUSTOMER SUPPLIED,CUSTOMER SUPPLIED,0,0,,1,,RGK,4/28/2014
4/23/2014,LABEL FLVRFL MANGO FRONT 3X,,CUSTOMER SUPPLIED,CUSTOMER SUPPLIED,0,0,,1,,RGK,4/28/2014
4/23/2014,LABEL FLVRFL P COLADA BACK,,CUSTOMER SUPPLIED,CUSTOMER SUPPLIED,0,0,,1,,RGK,4/28/2014
4/23/2014,LABEL FLVRFL P COLADA FRNT,,CUSTOMER SUPPLIED,CUSTOMER SUPPLIED,0,0,,1,,RGK,4/28/2014
4/23/2014,LABEL FLVRFL STRAWBRY BACK,,CUSTOMER SUPPLIED,CUSTOMER SUPPLIED,0,0,,1,,RGK,4/28/2014
4/23/2014,LABEL FLVRFL STRAWBRY FRNT,,CUSTOMER SUPPLIED,CUSTOMER SUPPLIED,0,0,,1,,RGK,4/28/2014
4/23/2014,LABEL FLVRL BANANA BACK 2X4,,CUSTOMER SUPPLIED,CUSTOMER SUPPLIED,0,0,,1,,RGK,4/28/2014
4/23/2014,LABEL FLVRL BANANA FRONT 3X,,CUSTOMER SUPPLIED,CUSTOMER SUPPLIED,0,0,,1,,RGK,4/28/2014
4/23/2014,LABEL FLVRL MARGARTA BACK 2,,CUSTOMER SUPPLIED,CUSTOMER SUPPLIED,0,0,,1,,RGK,4/28/2014
4/23/2014,LABEL FLVRL MARGARTA FRONT,,CUSTOMER SUPPLIED,CUSTOMER SUPPLIED,0,0,,1,,RGK,4/28/2014
4/23/2014,LABEL FRZOSRS BLANK WHITE 3,,CUSTOMER SUPPLIED,CUSTOMER SUPPLIED,0,0,,1,,RGK,4/28/2014
4/23/2014,LABEL FRZOSRS FCB YELLOW 3,,CUSTOMER SUPPLIED,CUSTOMER SUPPLIED,0,0,,1,,RGK,4/28/2014
4/23/2014,LABEL FVRFL TRP MANGO BACK,,CUSTOMER SUPPLIED,CUSTOMER SUPPLIED,0,0,,1,,RGK,4/28/2014
4/23/2014,LABEL GREEN FOOD COLOR 3 X 4,,CUSTOMER SUPPLIED,CUSTOMER SUPPLIED,0,0,,1,,RGK,4/28/2014
4/23/2014,LABEL H&H P&W (GREEN) 4.5X4,,CUSTOMER SUPPLIED,CUSTOMER SUPPLIED,0,0,,1,,RGK,4/28/2014
4/23/2014,LABEL HARTLEY JUICE BLANK 3,,CUSTOMER SUPPLIED,CUSTOMER SUPPLIED,0,0,,1,,RGK,4/28/2014
4/23/2014,LABEL HARTLEY JUICE DP 1.5X,,CUSTOMER SUPPLIED,CUSTOMER SUPPLIED,0,0,,1,,RGK,4/28/2014
4/23/2014,LABEL HARTLEY MTU BANANA 3749,,CUSTOMER SUPPLIED,CUSTOMER SUPPLIED,0,0,,1,,RGK,4/28/2014
4/23/2014,LABEL HARTLEY MTU BLACK CHERRY 3749,,CUSTOMER SUPPLIED,CUSTOMER SUPPLIED,0,0,,1,,RGK,4/28/2014
4/23/2014,LABEL HARTLEY MTU BLANK 4.5,,CUSTOMER SUPPLIED,CUSTOMER SUPPLIED,0,0,,1,,RGK,4/28/2014
4/23/2014,LABEL HARTLEY MTU BLUE HAWAIIAN,,CUSTOMER SUPPLIED,CUSTOMER SUPPLIED,0,0,,1,,RGK,4/28/2014
4/23/2014,LABEL HARTLEY MTU BLUE RASP #3749,,CUSTOMER SUPPLIED,CUSTOMER SUPPLIED,0,0,,1,,RGK,4/28/2014
4/23/2014,LABEL HARTLEY MTU BUBBLE GUM 3749,,CUSTOMER SUPPLIED,CUSTOMER SUPPLIED,0,0,,1,,RGK,4/28/2014
4/23/2014,LABEL HARTLEY MTU CHERRY #3749,,CUSTOMER SUPPLIED,CUSTOMER SUPPLIED,0,0,,1,,RGK,4/28/2014
4/23/2014,LABEL HARTLEY MTU COCONUT 3749,,CUSTOMER SUPPLIED,CUSTOMER SUPPLIED,0,0,,1,,RGK,4/28/2014
4/23/2014,LABEL HARTLEY MTU COFFEE BEAN 3749,,CUSTOMER SUPPLIED,CUSTOMER SUPPLIED,0,0,,1,,RGK,4/28/2014
4/23/2014,LABEL HARTLEY MTU FRT PUNCH 3749,,CUSTOMER SUPPLIED,CUSTOMER SUPPLIED,0,0,,1,,RGK,4/28/2014
4/23/2014,LABEL HARTLEY MTU GRAPE 3749,,CUSTOMER SUPPLIED,CUSTOMER SUPPLIED,0,0,,1,,RGK,4/28/2014
4/23/2014,LABEL HARTLEY MTU LEMONADE 3749,,CUSTOMER SUPPLIED,CUSTOMER SUPPLIED,0,0,,1,,RGK,4/28/2014
4/23/2014,LABEL HARTLEY MTU LIME 3749,,DIEHL- SENSORY EFFECTS POWDER,DIEHL- SENSORY EFFECTS POWDER,,0,,1,,RGK,4/28/2014
4/23/2014,LABEL HARTLEY MTU MANTECADO 3749,,"DISPENSER PACKAGING, INC.","DISPENSER PACKAGING, INC.",,0,,1,,RGK,4/28/2014
4/23/2014,LABEL HARTLEY MTU ORANGE 3749,,"DISPENSER PACKAGING, INC.","DISPENSER PACKAGING, INC.",,0,,1,,RGK,4/28/2014
4/23/2014,LABEL HARTLEY MTU ORANGE PINE 3749,,"DISPENSER PACKAGING, INC.","DISPENSER PACKAGING, INC.",,0,,1,,RGK,4/28/2014
4/23/2014,LABEL HARTLEY MTU PASSION MANGO 3749,,DR. PEPPER/SEVEN UP COMPANY,DR. PEPPER/SEVEN UP COMPANY,,0,,1,,RGK,4/28/2014
4/23/2014,LABEL HARTLEY MTU PEACH 3749,,DR. PEPPER/SEVEN UP COMPANY,DR. PEPPER/SEVEN UP COMPANY,,0,,1,,RGK,4/28/2014
4/23/2014,LABEL HARTLEY MTU PINEAPPLE 3749,,DR. PEPPER/SEVEN UP COMPANY,DR. PEPPER/SEVEN UP COMPANY,,0,,1,,RGK,4/28/2014
4/23/2014,LABEL HARTLEY MTU RED RASP 3749,,DR. PEPPER/SEVEN UP COMPANY,DR. PEPPER/SEVEN UP COMPANY,,0,,1,,RGK,4/28/2014
4/23/2014,LABEL HARTLEY MTU ROOTBEER 3749,,EDGAR A. WEBER & COMPANY,EDGAR A. WEBER & COMPANY,,0,,1,,RGK,4/28/2014
4/23/2014,LABEL HARTLEY MTU SOUR APPLE 3749,,EDGAR A. WEBER & COMPANY,EDGAR A. WEBER & COMPANY,,0,,1,,RGK,4/28/2014
4/23/2014,LABEL HARTLEY MTU STRAW/KIWI 3749,,EDGAR A. WEBER & COMPANY,EDGAR A. WEBER & COMPANY,,0,,1,,RGK,4/28/2014
4/23/2014,LABEL HARTLEY MTU STRAWBERRY #3749,,EDGAR A. WEBER & COMPANY,EDGAR A. WEBER & COMPANY,,0,,1,,RGK,4/28/2014
4/23/2014,LABEL HARTLEY MTU TAMARINDO 3749,,EDGAR A. WEBER & COMPANY,EDGAR A. WEBER & COMPANY,,0,,1,,RGK,4/28/2014
4/23/2014,LABEL HARTLEY MTU TIGERS BLOOD 3749,,EDGAR A. WEBER & COMPANY,EDGAR A. WEBER & COMPANY,,0,,1,,RGK,4/28/2014
4/23/2014,LABEL HARTLEY MTU VANILLA 3749,,EDGAR A. WEBER & COMPANY,EDGAR A. WEBER & COMPANY,,0,,1,,RGK,4/28/2014
4/23/2014,LABEL HARTLEY MTU WATERMELON 3749,,EDGAR A. WEBER & COMPANY,EDGAR A. WEBER & COMPANY,,0,,1,,RGK,4/28/2014
4/23/2014,LABEL HARTLEY PREM BLANK 3X,,EDGAR A. WEBER & COMPANY,EDGAR A. WEBER & COMPANY,,0,,1,,RGK,4/28/2014
4/23/2014,LABEL HARTLEY PREM BLANK 4.,,EDGAR A. WEBER & COMPANY,EDGAR A. WEBER & COMPANY,,0,,1,,RGK,4/28/2014
4/23/2014,LABEL HARTLEY SHAKE BLNK 4.,,EDGAR A. WEBER & COMPANY,EDGAR A. WEBER & COMPANY,,0,,1,,RGK,4/28/2014
4/23/2014,LABEL HARTLEY SOY SAUCE 4.5,,EDGAR A. WEBER & COMPANY,EDGAR A. WEBER & COMPANY,,0,,1,,RGK,4/28/2014
4/23/2014,LABEL HARTLEY TEASWEET QT 3,,EDGAR A. WEBER & COMPANY,EDGAR A. WEBER & COMPANY,,0,,1,,RGK,4/28/2014
4/23/2014,LABEL HARTLEY WORCESTER 4.5,,EDGAR A. WEBER & COMPANY,EDGAR A. WEBER & COMPANY,,0,,1,,RGK,4/28/2014
4/23/2014,LABEL HARTLEY XTRA SOUR 3812,,EDGAR A. WEBER & COMPANY,EDGAR A. WEBER & COMPANY,,0,,1,,RGK,4/28/2014
4/23/2014,LABEL HARTLY DIET LEMONADE,,EDGAR A. WEBER & COMPANY,EDGAR A. WEBER & COMPANY,,0,,1,,RGK,4/28/2014
4/23/2014,LABEL HH ECON SWT TEA 11+1,,EDGAR A. WEBER & COMPANY,EDGAR A. WEBER & COMPANY,,0,,1,,RGK,4/28/2014
4/23/2014,LABEL HRTLY BL CURACAO 4.75,,EDGAR A. WEBER & COMPANY,EDGAR A. WEBER & COMPANY,,0,,1,,RGK,4/28/2014
4/23/2014,LABEL HRTLY BLDY MARY 4.75X7,,EDGAR A. WEBER & COMPANY,EDGAR A. WEBER & COMPANY,,0,,1,,RGK,4/28/2014
4/23/2014,LABEL HRTLY BLUEBRRY P&W 4.5X4,,EDGAR A. WEBER & COMPANY,EDGAR A. WEBER & COMPANY,,0,,1,,RGK,4/28/2014
4/23/2014,LABEL HRTLY COTTON CANDY 4.,,EDGAR A. WEBER & COMPANY,EDGAR A. WEBER & COMPANY,,0,,1,,RGK,4/28/2014
4/23/2014,LABEL HRTLY DK CORN SRYP 4.5X4,,EDGAR A. WEBER & COMPANY,EDGAR A. WEBER & COMPANY,,0,,1,,RGK,4/28/2014
4/23/2014,LABEL HRTLY GRENADINE 4.75X,,EDGAR A. WEBER & COMPANY,EDGAR A. WEBER & COMPANY,,0,,1,,RGK,4/28/2014
4/23/2014,LABEL HRTLY LIME CORDL 4.75X7,,EDGAR A. WEBER & COMPANY,EDGAR A. WEBER & COMPANY,,0,,1,,RGK,4/28/2014
4/23/2014,LABEL HRTLY LITE P&W 4.5X4,,EDGAR A. WEBER & COMPANY,EDGAR A. WEBER & COMPANY,,0,,1,,RGK,4/28/2014
4/23/2014,LABEL HRTLY LT CORN SYRP 4.,,EDGAR A. WEBER & COMPANY,EDGAR A. WEBER & COMPANY,,0,,1,,RGK,4/28/2014
4/23/2014,LABEL HRTLY MARGARITA BACK,,EDGAR A. WEBER & COMPANY,EDGAR A. WEBER & COMPANY,,0,,1,,RGK,4/28/2014
4/23/2014,LABEL HRTLY MARGARITA FRNT,,EDGAR A. WEBER & COMPANY,EDGAR A. WEBER & COMPANY,,0,,1,,RGK,4/28/2014
4/23/2014,LABEL HRTLY MTU PNK LEMONADE 3749,,EDGAR A. WEBER & COMPANY,EDGAR A. WEBER & COMPANY,,0,,1,,RGK,4/28/2014
4/23/2014,LABEL HRTLY P COLADA BACK 2,,EDGAR A. WEBER & COMPANY,EDGAR A. WEBER & COMPANY,,0,,1,,RGK,4/28/2014
4/23/2014,LABEL HRTLY P COLADA FRNT 3,,EDGAR A. WEBER & COMPANY,EDGAR A. WEBER & COMPANY,,0,,1,,RGK,4/28/2014
4/23/2014,LABEL HRTLY PINA COLADA 4.5,,EDGAR A. WEBER & COMPANY,EDGAR A. WEBER & COMPANY,,0,,1,,RGK,4/28/2014
4/23/2014,LABEL HRTLY PR BANANA BACK 2X4,,EDGAR A. WEBER & COMPANY,EDGAR A. WEBER & COMPANY,,0,,1,,RGK,4/28/2014
4/23/2014,LABEL HRTLY PR BANANA FRNT 3X4,,EDGAR A. WEBER & COMPANY,EDGAR A. WEBER & COMPANY,,0,,1,,RGK,4/28/2014
4/23/2014,LABEL HRTLY PR STRAWB BACK,,EDGAR A. WEBER & COMPANY,EDGAR A. WEBER & COMPANY,,0,,1,,RGK,4/28/2014
4/23/2014,LABEL HRTLY PR STRAWB FRNT,,EDGAR A. WEBER & COMPANY,EDGAR A. WEBER & COMPANY,,0,,1,,RGK,4/28/2014
4/23/2014,LABEL HRTLY PREM FRT PUNCH,,EDGAR A. WEBER & COMPANY,EDGAR A. WEBER & COMPANY,,0,,1,,RGK,4/28/2014
4/23/2014,LABEL HRTLY PREM LEMONADE 3,,EDGAR A. WEBER & COMPANY,EDGAR A. WEBER & COMPANY,,0,,1,,RGK,4/28/2014
4/23/2014,LABEL HRTLY PREM P&W 4.5X4,,EMERLING INTERNATIONAL,JOHN EMERLING,716-833-7381,0,,1,,RGK,4/28/2014
4/23/2014,LABEL HRTLY PRM MANGO BACK,,EMILIO A. GARRIDO,EMILIO A. GARRIDO,0,0,,1,,RGK,4/28/2014
4/23/2014,LABEL HRTLY PRM MANGO FRNT,,EVERGREEN,TOM GIRDNER,305-931-1321,0,,1,,RGK,4/28/2014
4/23/2014,LABEL HRTLY RUM RUNNR BACK 2X4,,EXPRESS LABEL COMPANY,Sabrina,407-332-4774,0,,1,,RGK,4/28/2014
4/23/2014,LABEL HRTLY RUM RUNNR FRNT 3X4,,EXPRESS LABEL COMPANY,Sabrina,407-332-4774,0,,1,,RGK,4/28/2014
4/23/2014,LABEL HRTLY STRAWBRY P&W 4.5X4,,EXPRESS LABEL COMPANY,Sabrina,407-332-4774,0,,1,,RGK,4/28/2014
4/23/2014,LABEL HRTLY SWEET TEA 11+1,,EXPRESS LABEL COMPANY,Sabrina,407-332-4774,0,,1,,RGK,4/28/2014
4/23/2014,LABEL HRTLY TRIP SEC 4.75X7,,EXPRESS LABEL COMPANY,Sabrina,407-332-4774,0,,1,,RGK,4/28/2014
4/23/2014,LABEL HRTLY UNSWT TEA 11+1,,EXPRESS LABEL COMPANY,Sabrina,407-332-4774,0,,1,,RGK,4/28/2014
4/23/2014,LABEL IMIT VANILLA QTS 3 X,,EXPRESS LABEL COMPANY,Sabrina,407-332-4774,0,,1,,RGK,4/28/2014
4/23/2014,LABEL ITALIAN P&W H&H,,EXPRESS LABEL COMPANY,Sabrina,407-332-4774,0,,1,,RGK,4/28/2014
4/23/2014,LABEL JCEBURST 100% BLANK 3,,EXPRESS LABEL COMPANY,Sabrina,407-332-4774,0,,1,,RGK,4/28/2014
4/23/2014,LABEL KICKIN ICE BANANARAMA 5+1,,EXPRESS LABEL COMPANY,Sabrina,407-332-4774,0,,1,,RGK,4/28/2014
4/23/2014,LABEL KICKIN ICE BLANK 4.5,,EXPRESS LABEL COMPANY,Sabrina,407-332-4774,0,,1,,RGK,4/28/2014
4/23/2014,LABEL KICKIN ICE BLUE RAZZAMATAZ 5+1,,EXPRESS LABEL COMPANY,Sabrina,407-332-4774,0,,1,,RGK,4/28/2014
4/23/2014,LABEL KICKIN ICE CHERRILICIOUS 5+1,,EXPRESS LABEL COMPANY,Sabrina,407-332-4774,0,,1,,RGK,4/28/2014
4/23/2014,LABEL KICKIN ICE DREAMSICLE 5+1,,EXPRESS LABEL COMPANY,Sabrina,407-332-4774,0,,1,,RGK,4/28/2014
4/23/2014,LABEL KICKIN ICE KRAZY KOLADA 5+1,,EXPRESS LABEL COMPANY,Sabrina,407-332-4774,0,,1,,RGK,4/28/2014
4/23/2014,LABEL KICKIN ICE MANGO MADNESS 5+1,,EXPRESS LABEL COMPANY,Sabrina,407-332-4774,0,,1,,RGK,4/28/2014
4/23/2014,LABEL KICKIN ICE PEACHY KEEN 5+1,,EXPRESS LABEL COMPANY,Sabrina,407-332-4774,0,,1,,RGK,4/28/2014
4/23/2014,LABEL KICKIN ICE SCREAMIN STRAWBERRY 5+1,,EXPRESS LABEL COMPANY,Sabrina,407-332-4774,0,,1,,RGK,4/28/2014
4/23/2014,LABEL KICKIN ICE SOURGREEN 5+1,,EXPRESS LABEL COMPANY,Sabrina,407-332-4774,0,,1,,RGK,4/28/2014
4/23/2014,LABEL KICKIN ICE YELLIN MELON 5+1,,EXPRESS LABEL COMPANY,Sabrina,407-332-4774,0,,1,,RGK,4/28/2014
4/23/2014,LABEL KINGS TASTE BBQ 4/1 G,,EXPRESS LABEL COMPANY,Sabrina,407-332-4774,0,,1,,RGK,4/28/2014
4/23/2014,LABEL KINGS TASTE BBQ QT 3X,,EXPRESS LABEL COMPANY,Sabrina,407-332-4774,0,,1,,RGK,4/28/2014
4/23/2014,LABEL- LEMONADE MR. MARG,,EXPRESS LABEL COMPANY,Sabrina,407-332-4774,0,,1,,RGK,4/28/2014
4/23/2014,LABEL LUZIANNE TEA SWEET 3X,,EXPRESS LABEL COMPANY,Sabrina,407-332-4774,0,,1,,RGK,4/28/2014
4/23/2014,LABEL- MANGO MR. MARG,,EXPRESS LABEL COMPANY,Sabrina,407-332-4774,0,,1,,RGK,4/28/2014
4/23/2014,LABEL MAPLE P&W SYRUP 5% HARTLEY,,EXPRESS LABEL COMPANY,Sabrina,407-332-4774,0,,1,,RGK,4/28/2014
4/23/2014,LABEL MR MARG HURRICANE 3X4,,EXPRESS LABEL COMPANY,Sabrina,407-332-4774,0,,1,,RGK,4/28/2014
4/23/2014,LABEL MR MARG MARGARITA 3X4,,EXPRESS LABEL COMPANY,Sabrina,407-332-4774,0,,1,,RGK,4/28/2014
4/23/2014,LABEL MR MARG PINA COLADA 3X4,,EXPRESS LABEL COMPANY,Sabrina,407-332-4774,0,,1,,RGK,4/28/2014
4/23/2014,LABEL MR MARG STRAWBERRY 3X,,EXPRESS LABEL COMPANY,Sabrina,407-332-4774,0,,1,,RGK,4/28/2014
4/23/2014,LABEL NEUTRAL BASE HARTLEY,,EXPRESS LABEL COMPANY,Sabrina,407-332-4774,0,,1,,RGK,4/28/2014
4/23/2014,LABEL ORANGE 100% DP LEAHY,,EXPRESS LABEL COMPANY,Sabrina,407-332-4774,0,,1,,RGK,4/28/2014
4/23/2014,LABEL- PEACH MR. MARG,,EXPRESS LABEL COMPANY,Sabrina,407-332-4774,0,,1,,RGK,4/28/2014
4/23/2014,LABEL PREM P&W 12 OZ BACK,,EXPRESS LABEL COMPANY,Sabrina,407-332-4774,0,,1,,RGK,4/28/2014
4/23/2014,LABEL PREM P&W 12 OZ FRONT,,EXPRESS LABEL COMPANY,Sabrina,407-332-4774,0,,1,,RGK,4/28/2014
4/23/2014,LABEL RED DMD FRUZEN 100% 3,,EXPRESS LABEL COMPANY,Sabrina,407-332-4774,0,,1,,RGK,4/28/2014
4/23/2014,LABEL RED DMND BLANK 3X4,,EXPRESS LABEL COMPANY,Sabrina,407-332-4774,0,,1,,RGK,4/28/2014
4/23/2014,LABEL RED FOOD COLOR 3 X 4,,EXPRESS LABEL COMPANY,Sabrina,407-332-4774,0,,1,,RGK,4/28/2014
4/23/2014,LABEL ROYAL CUP BLANK 3 X 4,,EXPRESS LABEL COMPANY,Sabrina,407-332-4774,0,,1,,RGK,4/28/2014
4/23/2014,LABEL- RUM RUNNER MR. MARG,,EXPRESS LABEL COMPANY,Sabrina,407-332-4774,0,,1,,RGK,4/28/2014
4/23/2014,LABEL RYL CP SWEET N EZ QT,,EXPRESS LABEL COMPANY,Sabrina,407-332-4774,0,,1,,RGK,4/28/2014
4/23/2014,LABEL S&D APPLE 100% DP 1.5,,EXPRESS LABEL COMPANY,Sabrina,407-332-4774,0,,1,,RGK,4/28/2014
4/23/2014,LABEL S&D APPLE 100% DP BX,,EXPRESS LABEL COMPANY,Sabrina,407-332-4774,0,,1,,RGK,4/28/2014
4/23/2014,LABEL S&D CRAN 12% DP 1.5X4,,EXPRESS LABEL COMPANY,Sabrina,407-332-4774,0,,1,,RGK,4/28/2014
4/23/2014,LABEL S&D CRAN 12% DP BX 3X,,EXPRESS LABEL COMPANY,Sabrina,407-332-4774,0,,1,,RGK,4/28/2014
4/23/2014,LABEL S&D CRAN 4% BNB 3X4,,EXPRESS LABEL COMPANY,Sabrina,407-332-4774,0,,1,,RGK,4/28/2014
4/23/2014,LABEL S&D GRAPE 50% BNB 3X4,,EXPRESS LABEL COMPANY,Sabrina,407-332-4774,0,,1,,RGK,4/28/2014
4/23/2014,LABEL S&D LEMONADE BNB 3X4,,EXPRESS LABEL COMPANY,Sabrina,407-332-4774,0,,1,,RGK,4/28/2014
4/23/2014,LABEL S&D ORANGE 100% DP 1.,,EXPRESS LABEL COMPANY,Sabrina,407-332-4774,0,,1,,RGK,4/28/2014
4/23/2014,LABEL S&D ORNGE 100% DP BX,,EXPRESS LABEL COMPANY,Sabrina,407-332-4774,0,,1,,RGK,4/28/2014
4/23/2014,LABEL S&D PNK LEMONADE BNB,,EXPRESS LABEL COMPANY,Sabrina,407-332-4774,0,,1,,RGK,4/28/2014
4/23/2014,LABEL S&D PUNCH 50% BNB 3X4,,EXPRESS LABEL COMPANY,Sabrina,407-332-4774,0,,1,,RGK,4/28/2014
4/23/2014,LABEL SARASOTA BEV BLANK 3X,,EXPRESS LABEL COMPANY,Sabrina,407-332-4774,0,,1,,RGK,4/28/2014
4/23/2014,LABEL SFREE P&W 12 OZ BACK,,EXPRESS LABEL COMPANY,Sabrina,407-332-4774,0,,1,,RGK,4/28/2014
4/23/2014,LABEL SFREE P&W 12 OZ FRONT,,EXPRESS LABEL COMPANY,Sabrina,407-332-4774,0,,1,,RGK,4/28/2014
4/23/2014,Label Sweet-n-Easy RC QT,,EXPRESS LABEL COMPANY,Sabrina,407-332-4774,0,,1,,RGK,4/28/2014
4/23/2014,LABEL TOP SHELF BLUE CUR 4.,,EXPRESS LABEL COMPANY,Sabrina,407-332-4774,0,,1,,RGK,4/28/2014
4/23/2014,LABEL TOP SHELF GRENADNE 4.5X5,,EXPRESS LABEL COMPANY,Sabrina,407-332-4774,0,,1,,RGK,4/28/2014
4/23/2014,LABEL TOP SHELF LIME CRD 4.,,EXPRESS LABEL COMPANY,Sabrina,407-332-4774,0,,1,,RGK,4/28/2014
4/23/2014,LABEL TOP SHELF TRIP SEC 4.5X4,,EXPRESS LABEL COMPANY,Sabrina,407-332-4774,0,,1,,RGK,4/28/2014
4/23/2014,LABEL VANILLA FLAVOR-4/1GAL,,EXPRESS LABEL COMPANY,Sabrina,407-332-4774,0,,1,,RGK,4/28/2014
4/23/2014,LABEL VITA H2O BLANK 4.5X.4,,EXPRESS LABEL COMPANY,Sabrina,407-332-4774,0,,1,,RGK,4/28/2014
4/23/2014,LABEL YELLOW FOOD COLOR 3 X,,EXPRESS LABEL COMPANY,Sabrina,407-332-4774,0,,1,,RGK,4/28/2014
4/23/2014,LABELIMITATION MAPLE P&W H&H,,EXPRESS LABEL COMPANY,Sabrina,407-332-4774,0,,1,,RGK,4/28/2014
4/23/2014,LABELMAPLE P&W H&H,,EXPRESS LABEL COMPANY,Sabrina,407-332-4774,0,,1,,RGK,4/28/2014
4/23/2014,LACTIC ACID 88%,,EXPRESS LABEL COMPANY,Sabrina,407-332-4774,0,,1,,RGK,4/28/2014
4/23/2014,LEM OIL/LEM FLV WONF NAT #203L,,EXPRESS LABEL COMPANY,Sabrina,407-332-4774,0,,1,,RGK,4/28/2014
4/23/2014,LEMON FLAV FC #49.776,,EXPRESS LABEL COMPANY,Sabrina,407-332-4774,0,,1,,RGK,4/28/2014
4/23/2014,LEMON JUICE 400 GPL,,EXPRESS LABEL COMPANY,Sabrina,407-332-4774,0,,1,,RGK,4/28/2014
4/23/2014,LEMON JUICE 400 GPL BEV INNOV,,EXPRESS LABEL COMPANY,Sabrina,407-332-4774,0,,1,,RGK,4/28/2014
4/23/2014,LEMON OIL 5X CALIF- TREATT,,EXPRESS LABEL COMPANY,Sabrina,407-332-4774,0,,1,,RGK,4/28/2014
4/23/2014,LEMON OIL BLEND #620,,EXPRESS LABEL COMPANY,Sabrina,407-332-4774,0,,1,,RGK,4/28/2014
4/23/2014,LEMON OIL EXTENDER 10X SH,,EXPRESS LABEL COMPANY,Sabrina,407-332-4774,0,,1,,RGK,4/28/2014
4/23/2014,"LEMON OIL,5FOLD BELL-LAB 75.048",,EXPRESS LABEL COMPANY,Sabrina,407-332-4774,0,,1,,RGK,4/28/2014
4/23/2014,LEMONADE EMULSION BJ,,EXPRESS LABEL COMPANY,Sabrina,407-332-4774,0,,1,,RGK,4/28/2014
4/23/2014,LEMONADE EXTRA - TREATT,,EXPRESS LABEL COMPANY,Sabrina,407-332-4774,0,,1,,RGK,4/28/2014
4/23/2014,LEMON-HI WONF #1908 V & E,,EXPRESS LABEL COMPANY,Sabrina,407-332-4774,0,,1,,RGK,4/28/2014
4/23/2014,LEMONY LIME EMULSION BJ004,,EXPRESS LABEL COMPANY,Sabrina,407-332-4774,0,,1,,RGK,4/28/2014
4/23/2014,LIDS FOR 5 GA PAIL,,EXPRESS LABEL COMPANY,Sabrina,407-332-4774,0,,1,,RGK,4/28/2014
4/23/2014,LIDS PORTION O'BOYS,,EXPRESS LABEL COMPANY,Sabrina,407-332-4774,0,,1,,RGK,4/28/2014
4/23/2014,LIME,,EXPRESS LABEL COMPANY,Sabrina,407-332-4774,0,,1,,RGK,4/28/2014
4/23/2014,LIME EMUL NAT 865.0095U FON,,EXPRESS LABEL COMPANY,Sabrina,407-332-4774,0,,1,,RGK,4/28/2014
4/23/2014,LIME ESSENCE OIL TREATT 240,,EXPRESS LABEL COMPANY,Sabrina,407-332-4774,0,,1,,RGK,4/28/2014
4/23/2014,LIME JUICE 400GPL,,EXPRESS LABEL COMPANY,Sabrina,407-332-4774,0,,1,,RGK,4/28/2014
4/23/2014,LIME OIL C/P 1401,,EXPRESS LABEL COMPANY,Sabrina,407-332-4774,0,,1,,RGK,4/28/2014
4/23/2014,LIQUID-SUCROSE BEV INNO,,EXPRESS LABEL COMPANY,Sabrina,407-332-4774,0,,1,,RGK,4/28/2014
4/23/2014,LUCTA PEACH 80405A,,EXPRESS LABEL COMPANY,Sabrina,407-332-4774,0,,1,,RGK,4/28/2014
4/23/2014,LUCTA PEACH 85854A,,EXPRESS LABEL COMPANY,Sabrina,407-332-4774,0,,1,,RGK,4/28/2014
4/23/2014,MAGNESIUM LACTATE,,EXPRESS LABEL COMPANY,Sabrina,407-332-4774,0,,1,,RGK,4/28/2014
4/23/2014,MALIC ACID FCC,,EXPRESS LABEL COMPANY,Sabrina,407-332-4774,0,,1,,RGK,4/28/2014
4/23/2014,MANGO FLAV WEB 28-08-0057,,EXPRESS LABEL COMPANY,Sabrina,407-332-4774,0,,1,,RGK,4/28/2014
4/23/2014,MANGO FLAV-167a58,,"FLAVOR SCIENCES,INC.",JOYCE,828-758-2525,0,,1,,RGK,4/28/2014
4/23/2014,MANGO FLAVOR-KERRY SH,,"FLAVOR SCIENCES,INC.",JOYCE,828-758-2525,0,,1,,RGK,4/28/2014
4/23/2014,MANGO FLAVOR-METAROM,,"FLAVOR SCIENCES,INC.",JOYCE,828-758-2525,0,,1,,RGK,4/28/2014
4/23/2014,MANGO FLAVOR-MX-1832,,FLAVORCHEM,P. Jordin (PJ),800-323-1301,0,,1,,RGK,4/28/2014
4/23/2014,MANGO FLAVOR-SENSIENT,,FLAVORCHEM,P. Jordin (PJ),800-323-1301,0,,1,,RGK,4/28/2014
4/23/2014,MANGO PUREE 13-16 BRIX,,FLAVORCHEM,P. Jordin (PJ),800-323-1301,0,,1,,RGK,4/28/2014
4/23/2014,MANGO PUREE BEV INN 28 BRIX,,FLAVORCHEM,P. Jordin (PJ),800-323-1301,0,,1,,RGK,4/28/2014
4/23/2014,MANGO PUREE CONC. 28.2 BRIX,,FLAVORCHEM,P. Jordin (PJ),800-323-1301,0,,1,,RGK,4/28/2014
4/23/2014,MAPLE FLAV # 54.508 FC,,FLAVORCHEM,P. Jordin (PJ),800-323-1301,0,,1,,RGK,4/28/2014
4/23/2014,"MAPLE SYRUP, GRADE B",,FLAVORCHEM,P. Jordin (PJ),800-323-1301,0,,1,,RGK,4/28/2014
4/23/2014,MELON (NAT)FC-56.224,,FLAVORCHEM,P. Jordin (PJ),800-323-1301,0,,1,,RGK,4/28/2014
4/23/2014,MEX LIME 400 GPL BEV INNOV,,FLAVORCHEM,P. Jordin (PJ),800-323-1301,0,,1,,RGK,4/28/2014
4/23/2014,MOJITO FLAV NAT 866.0038U F,,FLAVORCHEM,P. Jordin (PJ),800-323-1301,0,,1,,RGK,4/28/2014
4/23/2014,"MOLASSES, CANE",,FLAVORCHEM,P. Jordin (PJ),800-323-1301,0,,1,,RGK,4/28/2014
4/23/2014,MONOPOTASSIUM PHOSPHATE,,FLAVORCHEM,P. Jordin (PJ),800-323-1301,0,,1,,RGK,4/28/2014
4/23/2014,MUSTARD,,FLAVORCHEM,P. Jordin (PJ),800-323-1301,0,,1,,RGK,4/28/2014
4/23/2014,N&A PASSION FLAV ABELEI 17a82,,FLAVORCHEM,P. Jordin (PJ),800-323-1301,0,,1,,RGK,4/28/2014
4/23/2014,NARINGIN-GRFT ENHANCER,,FLAVORCHEM,P. Jordin (PJ),800-323-1301,0,,1,,RGK,4/28/2014
4/23/2014,NAT BLACK PEPPER FLAV FL-42,,FLAVORCHEM,P. Jordin (PJ),800-323-1301,0,,1,,RGK,4/28/2014
4/23/2014,NAT CAPSICUM EXT FLAV FL-42,,FLAVORCHEM,P. Jordin (PJ),800-323-1301,0,,1,,RGK,4/28/2014
4/23/2014,NAT CELERY FLAV FL-4238,,FLAVORCHEM,P. Jordin (PJ),800-323-1301,0,,1,,RGK,4/28/2014
4/23/2014,NAT CHERRY FLAV FFS 212H28,,FLAVORCHEM,P. Jordin (PJ),800-323-1301,0,,1,,RGK,4/28/2014
4/23/2014,NAT COCONUT FLAV ABELEI 136,,FLAVORCHEM,P. Jordin (PJ),800-323-1301,0,,1,,RGK,4/28/2014
4/23/2014,NAT DRAGON FRUIT FLV F0067,,FLAVORCHEM,P. Jordin (PJ),800-323-1301,0,,1,,RGK,4/28/2014
4/23/2014,NAT GREEN TEA FLAVOR F-1335,,FLAVORCHEM,P. Jordin (PJ),800-323-1301,0,,1,,RGK,4/28/2014
4/23/2014,NAT GRN TEA MOJITO FLV-1334,,FLAVORCHEM,P. Jordin (PJ),800-323-1301,0,,1,,RGK,4/28/2014
4/23/2014,NAT LEMON EXTRACT FL-4241,,FLAVORCHEM,P. Jordin (PJ),800-323-1301,0,,1,,RGK,4/28/2014
4/23/2014,NAT MANGO 22040227 BEV INNO,,FLAVORCHEM,P. Jordin (PJ),800-323-1301,0,,1,,RGK,4/28/2014
4/23/2014,NAT MANGO 22040227 BEV INNO,,FLAVORFUL BEVERAGES{0},FLAVORFUL BEVERAGES{0},0,0,,1,,RGK,4/28/2014
4/23/2014,NAT ORANGE WONF LEAHY 970W887,,FLAVORFUL BEVERAGES{0},FLAVORFUL BEVERAGES{0},0,0,,1,,RGK,4/28/2014
4/23/2014,NAT PEACH FLAV 22-10-0067 W,,FLAVORFUL BEVERAGES{0},FLAVORFUL BEVERAGES{0},0,0,,1,,RGK,4/28/2014
4/23/2014,NAT PEPPERMINT FLAV 2185031,,FLAVORFUL BEVERAGES{0},FLAVORFUL BEVERAGES{0},0,0,,1,,RGK,4/28/2014
4/23/2014,NAT TRIPLE BERRY FLAV F 130406,,FLAVORFUL BEVERAGES{0},FLAVORFUL BEVERAGES{0},0,0,,1,,RGK,4/28/2014
4/23/2014,NAT WORCESTERSC FLAV FL-4237,,FLAVORFUL BEVERAGES{0},FLAVORFUL BEVERAGES{0},0,0,,1,,RGK,4/28/2014
4/23/2014,NAT. WILDBERRY - WEBER 28-05-0076,,FLAVORFUL BEVERAGES{0},FLAVORFUL BEVERAGES{0},0,0,,1,,RGK,4/28/2014
4/23/2014,NATURAL BLACKBERRY FL #7396,,FLAVORFUL BEVERAGES{0},FLAVORFUL BEVERAGES{0},0,0,,1,,RGK,4/28/2014
4/23/2014,NATURAL ORANGE AROMA,,FLAVORFUL BEVERAGES{0},FLAVORFUL BEVERAGES{0},0,0,,1,,RGK,4/28/2014
4/23/2014,NEW WORLD 4 X 1.75,,FLAVORFUL BEVERAGES{0},FLAVORFUL BEVERAGES{0},0,0,,1,,RGK,4/28/2014
4/23/2014,NEW WORLD 4 X 3,,FLAVORFUL BEVERAGES{0},FLAVORFUL BEVERAGES{0},0,0,,1,,RGK,4/28/2014
4/23/2014,NW STRAWB PUREE 4-1 DRUM,,FLAVORFUL BEVERAGES{0},FLAVORFUL BEVERAGES{0},0,0,,1,,RGK,4/28/2014
4/23/2014,OCTYL ALDEHYDE SH,,FLAVORFUL BEVERAGES{0},FLAVORFUL BEVERAGES{0},0,0,,1,,RGK,4/28/2014
4/23/2014,ONION POWDER,,FLAVORFUL BEVERAGES{0},FLAVORFUL BEVERAGES{0},0,0,,1,,RGK,4/28/2014
4/23/2014,ORANGE AROMA 3799-TREATT,,FLAVORFUL BEVERAGES{0},FLAVORFUL BEVERAGES{0},0,0,,1,,RGK,4/28/2014
4/23/2014,ORANGE CENTURY-FLAV.SCIE,,FLAVORFUL BEVERAGES{0},FLAVORFUL BEVERAGES{0},0,0,,1,,RGK,4/28/2014
4/23/2014,ORANGE COLOR SOLUTION,,FLAVORFUL BEVERAGES{0},FLAVORFUL BEVERAGES{0},0,0,,1,,RGK,4/28/2014
4/23/2014,ORANGE EMULSION # 12504SH,,FLAVORFUL BEVERAGES{0},FLAVORFUL BEVERAGES{0},0,0,,1,,RGK,4/28/2014
4/23/2014,ORANGE JUICE 63-65 BRIX,,FLAVORFUL BEVERAGES{0},FLAVORFUL BEVERAGES{0},0,0,,1,,RGK,4/28/2014
4/23/2014,ORANGE JUICE CONC BEV INNOV,,FLORIDA BULK SALES,CHARLIE THOMAS,863-668-9000,0,,1,,RGK,4/28/2014
4/23/2014,ORANGE OIL 4810-TREATT,,FLORIDA BULK SALES,CHARLIE THOMAS,863-668-9000,0,,1,,RGK,4/28/2014
4/23/2014,ORANGE OIL-1 FOLD,,FLORIDA BULK SALES,CHARLIE THOMAS,863-668-9000,0,,1,,RGK,4/28/2014
4/23/2014,ORANGE PULP WASH 61 BRIX SH,,FLORIDA BULK SALES,CHARLIE THOMAS,863-668-9000,0,,1,,RGK,4/28/2014
4/23/2014,ORANGE RESORATION AROMA,,FLORIDA BULK SALES,CHARLIE THOMAS,863-668-9000,0,,1,,RGK,4/28/2014
4/23/2014,ORANGE TOP NOTE #37.505,,FLORIDA BULK SALES,CHARLIE THOMAS,863-668-9000,0,,1,,RGK,4/28/2014
4/23/2014,ORANGE-PINE 28910058 BEV IN,,FLORIDA BULK SALES,CHARLIE THOMAS,863-668-9000,0,,1,,RGK,4/28/2014
4/23/2014,OUTRAGEOUS ORANGE EMUL BJ005,,FLORIDA BULK SALES,CHARLIE THOMAS,863-668-9000,0,,1,,RGK,4/28/2014
4/23/2014,PAILS-5 GAL WHITE,,FLORIDA BULK SALES,CHARLIE THOMAS,863-668-9000,0,,1,,RGK,4/28/2014
4/23/2014,PARTITION/SQ-6-1/8X16,,FLORIDA BULK SALES,CHARLIE THOMAS,863-668-9000,0,,1,,RGK,4/28/2014
4/23/2014,PARTITION-PORTION 8X10,,FLORIDA BULK SALES,CHARLIE THOMAS,863-668-9000,0,,1,,RGK,4/28/2014
4/23/2014,PASSION FRUIT 22900084 BEV,,FLORIDA BULK SALES,CHARLIE THOMAS,863-668-9000,0,,1,,RGK,4/28/2014
4/23/2014,PASSION FRUIT 313-8.1,,FLORIDA BULK SALES,CHARLIE THOMAS,863-668-9000,0,,1,,RGK,4/28/2014
4/23/2014,PASSION FRUIT 92.702,,FLORIDA BULK SALES,CHARLIE THOMAS,863-668-9000,0,,1,,RGK,4/28/2014
4/23/2014,PASSION FRUIT CONC,,FLORIDA BULK SALES,CHARLIE THOMAS,863-668-9000,0,,1,,RGK,4/28/2014
4/23/2014,PASSION FRUIT CONC 50 BRIX,,FLORIDA BULK SALES,CHARLIE THOMAS,863-668-9000,0,,1,,RGK,4/28/2014
4/23/2014,PASSION FRUIT JUICE BEV INN,,FLORIDA BULK SALES,CHARLIE THOMAS,863-668-9000,0,,1,,RGK,4/28/2014
4/23/2014,"PASSIONFRT ROBERTET NV-15,295",,FLORIDA MARKING PRIDUCTS,FLORIDA MARKING PRIDUCTS,,0,,1,,RGK,4/28/2014
4/23/2014,PEACH FLAV 30-88-0024,,FLORIDA MARKING PRIDUCTS,FLORIDA MARKING PRIDUCTS,,0,,1,,RGK,4/28/2014
4/23/2014,PEACH FLAVOR (BELL #105.277,,FLORIDA MARKING PRIDUCTS,FLORIDA MARKING PRIDUCTS,,0,,1,,RGK,4/28/2014
4/23/2014,PEAR JUICE 70 BRIX,,FLORIDA MARKING PRIDUCTS,FLORIDA MARKING PRIDUCTS,,0,,1,,RGK,4/28/2014
4/23/2014,PECTIN HM RAPID SET,,FLORIDA MARKING PRIDUCTS,FLORIDA MARKING PRIDUCTS,,0,,1,,RGK,4/28/2014
4/23/2014,PEPPER-BLACK 40 MESH,,FLORIDA MARKING PRIDUCTS,FLORIDA MARKING PRIDUCTS,,0,,1,,RGK,4/28/2014
4/23/2014,PEPPER-CAYENNE 40 HU,,FLORIDA MARKING PRIDUCTS,FLORIDA MARKING PRIDUCTS,,0,,1,,RGK,4/28/2014
4/23/2014,PHOSPHORIC ACID 85% FG,,FLORIDA MARKING PRIDUCTS,FLORIDA MARKING PRIDUCTS,,0,,1,,RGK,4/28/2014
4/23/2014,PINA COLADA FLAV 30-86-0100,,FLORIDA MARKING PRIDUCTS,FLORIDA MARKING PRIDUCTS,,0,,1,,RGK,4/28/2014
4/23/2014,PINA FLAV SH 701070 W/O COL,,FLORIDA MARKING PRIDUCTS,FLORIDA MARKING PRIDUCTS,,0,,1,,RGK,4/28/2014
4/23/2014,PINA FLAVOR SH 9179 W/COLOR,,FLORIDA MARKING PRIDUCTS,FLORIDA MARKING PRIDUCTS,,0,,1,,RGK,4/28/2014
4/23/2014,PINEAPPLE FL SF-2410.3,,FLORIDA MARKING PRIDUCTS,FLORIDA MARKING PRIDUCTS,,0,,1,,RGK,4/28/2014
4/23/2014,PINEAPPLE FLAV FC71.911,,FLORIDA MARKING PRIDUCTS,FLORIDA MARKING PRIDUCTS,,0,,1,,RGK,4/28/2014
4/23/2014,PINEAPPLE FLAVOR # 12503SH,,FLORIDA MARKING PRIDUCTS,FLORIDA MARKING PRIDUCTS,,0,,1,,RGK,4/28/2014
4/23/2014,PINEAPPLE FLAVOR SCIENCE,,FLORIDA MARKING PRIDUCTS,FLORIDA MARKING PRIDUCTS,,0,,1,,RGK,4/28/2014
4/23/2014,PINEAPPLE JUICE 65 BRIX,,FLORIDA MARKING PRIDUCTS,FLORIDA MARKING PRIDUCTS,,0,,1,,RGK,4/28/2014
4/23/2014,PINEAPPLE JUICE CONC BEV IN,,FLORIDA MARKING PRIDUCTS,FLORIDA MARKING PRIDUCTS,,0,,1,,RGK,4/28/2014
4/23/2014,PNAPPLE FLAV30-78-0081,,FLORIDA MARKING PRIDUCTS,FLORIDA MARKING PRIDUCTS,,0,,1,,RGK,4/28/2014
4/23/2014,POM GREEN TEA SWEET S&D 801119,,FLORIDA MARKING PRIDUCTS,FLORIDA MARKING PRIDUCTS,,0,,1,,RGK,4/28/2014
4/23/2014,POTASSIUM BENZOATE 100 LB DRUM,,FLORIDA MARKING PRIDUCTS,FLORIDA MARKING PRIDUCTS,,0,,1,,RGK,4/28/2014
4/23/2014,POTASSIUM CITRATE,,FLORIDA MARKING PRIDUCTS,FLORIDA MARKING PRIDUCTS,,0,,1,,RGK,4/28/2014
4/23/2014,POTASSIUM SORBATE,,FLORIDA MARKING PRIDUCTS,FLORIDA MARKING PRIDUCTS,,0,,1,,RGK,4/28/2014
4/23/2014,POUR SPOUT 1 OZ,,FLORIDA MARKING PRIDUCTS,FLORIDA MARKING PRIDUCTS,,0,,1,,RGK,4/28/2014
4/23/2014,PROMO LABEL 1.5 CIRCLE,,FLORIDA MARKING PRIDUCTS,FLORIDA MARKING PRIDUCTS,,0,,1,,RGK,4/28/2014
4/23/2014,PROPY GLYCOL ALGINATE LV,,FLORIDA MARKING PRIDUCTS,FLORIDA MARKING PRIDUCTS,,0,,1,,RGK,4/28/2014
4/23/2014,PROPYLENE GLYCOL 8.74#/GAL,,FLORIDA MARKING PRIDUCTS,FLORIDA MARKING PRIDUCTS,,0,,1,,RGK,4/28/2014
4/23/2014,QUININE FLAV#4202-V.DARE,,FLORIDA MARKING PRIDUCTS,FLORIDA MARKING PRIDUCTS,,0,,1,,RGK,4/28/2014
4/23/2014,QUININE HYDROCHLORIDE,,FLORIDA MARKING PRIDUCTS,FLORIDA MARKING PRIDUCTS,,0,,1,,RGK,4/28/2014
4/23/2014,RASP FLAVOR-FLAVOR SCIEN,,FLORIDA MARKING PRIDUCTS,FLORIDA MARKING PRIDUCTS,,0,,1,,RGK,4/28/2014
4/23/2014,RASP FLV WEB22-98-0038,,FLORIDA MARKING PRIDUCTS,FLORIDA MARKING PRIDUCTS,,0,,1,,RGK,4/28/2014
4/23/2014,RASP FLV WEB30-87-0127,,FLORIDA MARKING PRIDUCTS,FLORIDA MARKING PRIDUCTS,,0,,1,,RGK,4/28/2014
4/23/2014,RASPBERRY FLAV 30-96-0052,,FLORIDA MARKING PRIDUCTS,FLORIDA MARKING PRIDUCTS,,0,,1,,RGK,4/28/2014
4/23/2014,RASPBRY PUREE W/OUT SEEDS,,FLORIDA MARKING PRIDUCTS,FLORIDA MARKING PRIDUCTS,,0,,1,,RGK,4/28/2014
4/23/2014,RASPBRY WONF 64 BRX # 50911.43,,FLORIDA MARKING PRIDUCTS,FLORIDA MARKING PRIDUCTS,,0,,1,,RGK,4/28/2014
4/23/2014,RED #40 FD&C EXTRUDED,,FLORIDA MARKING PRIDUCTS,FLORIDA MARKING PRIDUCTS,,0,,1,,RGK,4/28/2014
4/23/2014,RED DMND BLANK DISP PK,,FLORIDA MARKING PRIDUCTS,FLORIDA MARKING PRIDUCTS,,0,,1,,RGK,4/28/2014
4/23/2014,REVOLET- DISPENSER LABEL,,FLORIDA MARKING PRIDUCTS,FLORIDA MARKING PRIDUCTS,,0,,1,,RGK,4/28/2014
4/23/2014,REVOLET- LABEL 4 x 3,,FLORIDA MARKING PRIDUCTS,FLORIDA MARKING PRIDUCTS,,0,,1,,RGK,4/28/2014
4/23/2014,RIBBON #RIGO106EOS,,FLORIDA MARKING PRIDUCTS,FLORIDA MARKING PRIDUCTS,,0,,1,,RGK,4/28/2014
4/23/2014,RUM RUNNER-WEBER,,FLORIDA MARKING PRIDUCTS,FLORIDA MARKING PRIDUCTS,,0,,1,,RGK,4/28/2014
4/23/2014,SAG710 - ANTI FOAM - DIET RITE,,FLORIDA MARKING PRIDUCTS,FLORIDA MARKING PRIDUCTS,,0,,1,,RGK,4/28/2014
4/23/2014,SALT  FLORIDA BULK,,FLORIDA MARKING PRIDUCTS,FLORIDA MARKING PRIDUCTS,,0,,1,,RGK,4/28/2014
4/23/2014,SALT (TFC),,FLORIDA MARKING PRIDUCTS,FLORIDA MARKING PRIDUCTS,,0,,1,,RGK,4/28/2014
4/23/2014,SARSAPARILLA FLAV FC 79.933,,FLORIDA MARKING PRIDUCTS,FLORIDA MARKING PRIDUCTS,,0,,1,,RGK,4/28/2014
4/23/2014,SEAL HRTLY PREM P&W PORTN L,,FLORIDA MARKING PRIDUCTS,FLORIDA MARKING PRIDUCTS,,0,,1,,RGK,4/28/2014
4/23/2014,SEAL HRTLY SFREE P&W PORTN,,FONA INTERNATIONAL INC.,FONA INTERNATIONAL INC.,(630) 462-1414,0,,1,,RGK,4/28/2014
4/23/2014,SENSIENT MANGO FLAVOR SH,,FONA INTERNATIONAL INC.,FONA INTERNATIONAL INC.,(630) 462-1414,0,,1,,RGK,4/28/2014
4/23/2014,SH PEACH FLAV 184A11,,GLOBAL FRUITS,LYDIA ZHANG,905-582-7673,0,,1,,RGK,4/28/2014
4/23/2014,SH PEACH FLAV 184A12,,"GNT USA, INC.",GM STEFAN HAKE,914-524-0600,0,,1,,RGK,4/28/2014
4/23/2014,SH POLYSORBATE 80,,"GNT USA, INC.",GM STEFAN HAKE,914-524-0600,0,,1,,RGK,4/28/2014
4/23/2014,SH POLYSORBATE 80,,"GNT USA, INC.",GM STEFAN HAKE,914-524-0600,0,,1,,RGK,4/28/2014
4/23/2014,SNAP SEAL - P WHITE,,GRAPHIC LABELS,JOHN MONTENIGRO,407-296-3005,0,,1,,RGK,4/28/2014
4/23/2014,SODIUM ACID SULFATE-PHASE,,GRAPHIC LABELS,JOHN MONTENIGRO,407-296-3005,0,,1,,RGK,4/28/2014
4/23/2014,SODIUM BENZOATE,,"HAGELIN & COMPANY, INC.",SHONETTE ST. CLAIR,908-707-4400,0,,1,,RGK,4/28/2014
4/23/2014,SODIUM CITRATE,,"HARRIS & FORD, LLC",ED WALTERS,317-322-1009,0,,1,,RGK,4/28/2014
4/23/2014,SODIUM HEXAMETAPHOSPHATE,,HESCO,HESCO,863-439-3661,0,,1,,RGK,4/28/2014
4/23/2014,SODIUM HYPOCHLORITE,,"HORNE, TAG & PRINTING",FLYNT KOHN,803-324-3073,0,,1,,RGK,4/28/2014
4/23/2014,SODIUM METABISULFITE,,INGREDIENTS INC.,INGREDIENTS INC.,847-419-9595,0,,1,,RGK,4/28/2014
4/23/2014,SODIUM SACCHARIN,,INTERNATIONAL PAPER,Jimmy Lee,863-528-7642,0,,1,,RGK,4/28/2014
4/23/2014,"SOFT SERVE CHOCOLATE PREMIUM, NON-DAIRY",,Kerry inc.,Kerry inc.,,0,,1,,RGK,4/28/2014
4/23/2014,"SOFT SERVE VANILLA PREMIUM, NON-DAIRY",,Kerry inc.,Kerry inc.,,0,,1,,RGK,4/28/2014
4/23/2014,SORBITOL - 50.85 GA,,Madison Chemical,Madison Chemical,0,0,,1,,RGK,4/28/2014
4/23/2014,SOUR GREEN APPLE 26110046C,,MAXPAK,SALES JEFF WELLS,863-682-0123,0,,1,,RGK,4/28/2014
4/23/2014,SOY SAUCE (250204),,MAXPAK,SALES JEFF WELLS,863-682-0123,0,,1,,RGK,4/28/2014
4/23/2014,SPACE-KRAFT TOTE CONTAINER,,MAXPAK,SALES JEFF WELLS,863-682-0123,0,,1,,RGK,4/28/2014
4/23/2014,STALEY 31A 55 GAL.,,MAXPAK,SALES JEFF WELLS,863-682-0123,0,,1,,RGK,4/28/2014
4/23/2014,STRAW BAN EMULSION BJ,,MAXPAK,SALES JEFF WELLS,863-682-0123,0,,1,,RGK,4/28/2014
4/23/2014,STRAW FL 26-93-0060(N&A)WEB,,MAXPAK,SALES JEFF WELLS,863-682-0123,0,,1,,RGK,4/28/2014
4/23/2014,STRAW KIWI 23950047 BEV INN,,MAXPAK,SALES JEFF WELLS,863-682-0123,0,,1,,RGK,4/28/2014
4/23/2014,STRAWBERRY - WEBER 22-13-0167,,MIZKAN,LISA LANCASTER,800-323-4358,0,,1,,RGK,4/28/2014
4/23/2014,STRAWBERRY FLAV 30-88-0034,,MIZKAN,LISA LANCASTER,800-323-4358,0,,1,,RGK,4/28/2014
4/23/2014,STRAWBERRY FLAV FC 87.245,,OTTENS FLAVORS,MARIE DI PATHRE,1-800-523-0767,0,,1,,RGK,4/28/2014
4/23/2014,STRAWBERRY FLAVOR # 133.308,,SETHNESS GREENLEAF,Lucy Placek,800-621-4549,0,,1,,RGK,4/28/2014
4/23/2014,STRAWBERRY FLAVOR 22060006,,SPACEKRAFT,Steven Goodrich,704-562-7290,0,,1,,RGK,4/28/2014
4/23/2014,STRAWBERRY FLAVOR SH # 1498,,SPICE WORLD,ROBIN,407-854-9432,0,,1,,RGK,4/28/2014
4/23/2014,STRAWBERRY JUICE 65 BRIX,,SPICE WORLD,ROBIN,407-854-9432,0,,1,,RGK,4/28/2014
4/23/2014,STRAWBERRY PUREE BEV INNOV,,SPICE WORLD,ROBIN,407-854-9432,0,,1,,RGK,4/28/2014
4/23/2014,STRAWBERRY SEEDS-DRIED,,SPICE WORLD,ROBIN,407-854-9432,0,,1,,RGK,4/28/2014
4/23/2014,STRAWBRY #87.051 FC,,SPICE WORLD,ROBIN,407-854-9432,0,,1,,RGK,4/28/2014
4/23/2014,STRAWBRY FLAV FC# 87.062DF,,SPICE WORLD,ROBIN,407-854-9432,0,,1,,RGK,4/28/2014
4/23/2014,STRWBRRY 22930109 BEV INNOV,,SPICE WORLD,ROBIN,407-854-9432,0,,1,,RGK,4/28/2014
4/23/2014,SUCRALOSE (DRY) SPLENDA,,STERILITE CORPORATION,STERILITE CORPORATION,205-520-0494,0,,1,,RGK,4/28/2014
4/23/2014,SUCRALOSE LIQ F6346FP,,"SUN MADE JUICE PRODUCTS, INC","SUN MADE JUICE PRODUCTS, INC",,0,,1,,RGK,4/28/2014
4/23/2014,SUGAR GRANULAR BEV INNOVATI,,Sunny Hill (Cust. Provided),Sunny Hill (Cust. Provided),,0,,1,,RGK,4/28/2014
4/23/2014,"SUGAR, GRANULAR",,Sunny Hill (Cust. Provided),Sunny Hill (Cust. Provided),,0,,1,,RGK,4/28/2014
4/23/2014,SUPER FOAM QUILLAIA/YUCCA,,Sunny Hill (Cust. Provided),Sunny Hill (Cust. Provided),,0,,1,,RGK,4/28/2014
4/23/2014,SYRUP BOTL 100/120/UNIT 12/,,Sunny Hill (Cust. Provided),Sunny Hill (Cust. Provided),,0,,1,,RGK,4/28/2014
4/23/2014,SYRUP PUMP 1/4OZ,,Sunny Hill (Cust. Provided),Sunny Hill (Cust. Provided),,0,,1,,RGK,4/28/2014
4/23/2014,SYRUP PUMPS 1 OZ 12/CS,,Sunny Hill (Cust. Provided),Sunny Hill (Cust. Provided),,0,,1,,RGK,4/28/2014
4/23/2014,TABLE GRIND BLACK PEPPER,,Sunny Hill (Cust. Provided),Sunny Hill (Cust. Provided),,0,,1,,RGK,4/28/2014
4/23/2014,TAGS- 7UP PREMIX,,Sunny Hill (Cust. Provided),Sunny Hill (Cust. Provided),,0,,1,,RGK,4/28/2014
4/23/2014,TAGS- DAD'S ROOTBEER PRE,,Sunny Hill (Cust. Provided),Sunny Hill (Cust. Provided),,0,,1,,RGK,4/28/2014
4/23/2014,TAMARIND PUREE 40LB BOX,,Sunny Hill (Cust. Provided),Sunny Hill (Cust. Provided),,0,,1,,RGK,4/28/2014
4/23/2014,TAMARINDO FC#33.940,,Sunny Hill (Cust. Provided),Sunny Hill (Cust. Provided),,0,,1,,RGK,4/28/2014
4/23/2014,TANGERINE CONCENTRATE,,Sunny Hill (Cust. Provided),Sunny Hill (Cust. Provided),,0,,1,,RGK,4/28/2014
4/23/2014,TANGERINE FLV 22980054 BEV,,Sunny Hill (Cust. Provided),Sunny Hill (Cust. Provided),,0,,1,,RGK,4/28/2014
4/23/2014,TANNIC ACID,,Sunny Hill (Cust. Provided),Sunny Hill (Cust. Provided),,0,,1,,RGK,4/28/2014
4/23/2014,TAURINE,,Sunny Hill (Cust. Provided),Sunny Hill (Cust. Provided),,0,,1,,RGK,4/28/2014
4/23/2014,TEA BOX FOR 1.5 GAL BAG,,Sunny Hill (Cust. Provided),Sunny Hill (Cust. Provided),,0,,1,,RGK,4/28/2014
4/23/2014,TEA BOX PAD,,Sunny Hill (Cust. Provided),Sunny Hill (Cust. Provided),,0,,1,,RGK,4/28/2014
4/23/2014,TEA ECONOMY UNSWEET 11:1 LABEL,,Sunny Hill (Cust. Provided),Sunny Hill (Cust. Provided),,0,,1,,RGK,4/28/2014
4/23/2014,TEASWEET BNB LABEL,,Sunny Hill (Cust. Provided),Sunny Hill (Cust. Provided),,0,,1,,RGK,4/28/2014
4/23/2014,TENOX (LIQUID)20% SOLUTION,,Sunny Hill (Cust. Provided),Sunny Hill (Cust. Provided),,0,,1,,RGK,4/28/2014
4/23/2014,TOASTED COCONUT SH FLAV,,Sunny Hill (Cust. Provided),Sunny Hill (Cust. Provided),,0,,1,,RGK,4/28/2014
4/23/2014,TOMATO PASTE 37NTSS COLD BR,,Sunny Hill (Cust. Provided),Sunny Hill (Cust. Provided),,0,,1,,RGK,4/28/2014
4/23/2014,TREATTAROME GINGER 9745,,Sunny Hill (Cust. Provided),Sunny Hill (Cust. Provided),,0,,1,,RGK,4/28/2014
4/23/2014,TRIPLE SEC WEBER 28-01-0566,,THE DADS ROOT BEER CO. LLC,THE DADS ROOT BEER CO. LLC,,0,,1,,RGK,4/28/2014
4/23/2014,TRU TASTE TEA 240X TREATT,,TRADEMARK COMMODITIES,Marc Drazner,847-537-2888,0,,1,,RGK,4/28/2014
4/23/2014,VANILLA FLAVOR SF-5720.1,,TRADEMARK COMMODITIES,Marc Drazner,847-537-2888,0,,1,,RGK,4/28/2014
4/23/2014,VANILLIN NF REG.,,TRADEMARK COMMODITIES,Marc Drazner,847-537-2888,0,,1,,RGK,4/28/2014
4/23/2014,VELTOL PLUS-ETHYL MALTOL,,TRAXX INTERNATIONAL,JOHN HARNER,973 882-1000,0,,1,,RGK,4/28/2014
4/23/2014,VINEGAR 200 GRAIN,,TREATT USA,Ruth Krischick,800-866-7704,0,,1,,RGK,4/28/2014
4/23/2014,VINEGAR-APPLE CIDER 80 GR,,TREATT USA,Ruth Krischick,800-866-7704,0,,1,,RGK,4/28/2014
4/23/2014,VIT BLEND 96.775 FC,,TREATT USA,Ruth Krischick,800-866-7704,0,,1,,RGK,4/28/2014
4/23/2014,VIT BLEND 96.790 FC,,"WINPAK PORTION PACKAGING, INC.","WINPAK PORTION PACKAGING, INC.",,0,,1,,RGK,4/28/2014
4/23/2014,VITAMIN A SPRAY DRIED 250 SD,,TREATT USA,Ruth Krischick,800-866-7704,0,,1,,RGK,4/28/2014
4/23/2014,VITAMIN B-12 1% TRITURATION,,TREATT USA,Ruth Krischick,800-866-7704,0,,1,,RGK,4/28/2014
4/23/2014,VITAMIN BLEND F-130406,,TREATT USA,Ruth Krischick,800-866-7704,0,,1,,RGK,4/28/2014
4/23/2014,VITAMIN BLEND F-131035,,TREATT USA,Ruth Krischick,800-866-7704,0,,1,,RGK,4/28/2014
4/23/2014,VITAMIN BLEND GLACEUA 96.08,,TREATT USA,Ruth Krischick,800-866-7704,0,,1,,RGK,4/28/2014
4/23/2014,VITAMIN D CAL-MAL,,TREATT USA,Ruth Krischick,800-866-7704,0,,1,,RGK,4/28/2014
4/23/2014,VITAMIN D CAL-MAL LEAHY,,TREATT USA,Ruth Krischick,800-866-7704,0,,1,,RGK,4/28/2014
4/23/2014,"VITAMIN D-3 500,000 I.U.",,UNGERER & COMPANY,DEBRA LABRUND,973-628-0600 X103,0,,1,,RGK,4/28/2014
4/23/2014,VITAMIN E CWS 50%,,UNGERER & COMPANY,DEBRA LABRUND,973-628-0600 X103,0,,1,,RGK,4/28/2014
4/23/2014,WATER,,UNGERER & COMPANY,DEBRA LABRUND,973-628-0600 X103,0,,1,,RGK,4/28/2014
4/23/2014,WATER,,UNGERER & COMPANY,DEBRA LABRUND,973-628-0600 X103,0,,1,,RGK,4/28/2014
4/23/2014,WATERMELON  FC #56-123,,UNGERER & COMPANY,DEBRA LABRUND,973-628-0600 X103,0,,1,,RGK,4/28/2014
4/23/2014,WATERMELON  WEB 26-94-0026,,VICTORY PACKAGING,Andy,888-216-8108,0,,1,,RGK,4/28/2014
4/23/2014,WATERMELON FLAV WEB 30-01-0,,"VIRGINIA DARE EXTRACT CO., INC","VIRGINIA DARE EXTRACT CO., INC",,0,,1,,RGK,4/28/2014
4/23/2014,WHITE BLANK  3 X 3,,"VIRGINIA DARE EXTRACT CO., INC","VIRGINIA DARE EXTRACT CO., INC",,0,,1,,RGK,4/28/2014
4/23/2014,WHITE WHIT LIQ TIT DIOX 23.230,,"VIRGINIA DARE EXTRACT CO., INC","VIRGINIA DARE EXTRACT CO., INC",,0,,1,,RGK,4/28/2014
4/23/2014,WILDBERRY 26110047C BEV INN,,VITA H2O,DAN MCGUIRE,0,0,,1,,RGK,4/28/2014
4/23/2014,XANTHAN GUM,,VITA H2O,DAN MCGUIRE,0,0,,1,,RGK,4/28/2014
4/23/2014,XPRESS CAFE UNSWEET TEA LABEL,,VITA H2O,DAN MCGUIRE,0,0,,1,,RGK,4/28/2014
4/23/2014,YELLOW #5 FD&C EXTRUDED,,VITA H2O,DAN MCGUIRE,0,0,,1,,RGK,4/28/2014
4/23/2014,YELLOW #5 SOLUTION-H&H,,VITA H2O,DAN MCGUIRE,0,0,,1,,RGK,4/28/2014
4/23/2014,YELLOW #6 FD&C EXTRUDED,,VITA H2O,DAN MCGUIRE,0,0,,1,,RGK,4/28/2014
4/23/2014,YELLOW #6 SOLUTION-H&H,,WINPAK LES EMBALLAGES HEAT,WINPAK LES EMBALLAGES HEAT,,0,,1,,RGK,4/28/2014
4/23/2014,YELLOW CAKE FLAV 26910158,,"WINPAK PORTION PACKAGING, INC.","WINPAK PORTION PACKAGING, INC.",,0,,1,,RGK,4/28/2014
